name,count
Juha,44 438
Timo,43 936
Matti,41 234
Kari,39 267
Mikko,38 173
Jari,37 611
Antti,37 237
Jukka,33 551
Mika,33 467
Markku,32 232
Pekka,31 281
Hannu,29 238
Heikki,28 192
Janne,27 570
Ari,26 650
Seppo,26 640
Sami,26 280
Ville,25 786
Marko,25 063
Petri,24 023
Lauri,22 770
Jani,22 742
Teemu,20 253
Erkki,20 156
Harri,19 674
Jorma,19 480
Pentti,19 226
Jarmo,18 214
Eero,18 120
Jaakko,18 012
Jussi,17 938
Pasi,17 888
Risto,17 548
Juho,17 171
Raimo,17 071
Niko,16 927
Toni,16 717
Esa,16 636
Jouni,16 488
Arto,15 959
Markus,15 798
Pertti,15 698
Aleksi,15 621
Tomi,15 472
Tuomas,15 406
Martti,15 255
Vesa,15 123
Reijo,15 082
Olli,15 011
Kimmo,14 618
Joni,14 520
Jouko,14 478
Veikko,14 465
Tommi,14 332
Tero,13 834
Esko,13 472
Joonas,13 215
Eetu,12 925
Henri,12 715
Leo,12 468
Kalle,11 289
Elias,11 281
Jarkko,11 266
Ilkka,11 093
Jesse,11 089
Joona,10 846
Eino,10 636
Paavo,10 418
Tuomo,10 297
Mikael,10 276
Pauli,10 172
Jere,9 982
Onni,9 952
Matias,9 783
Juuso,9 663
Tapio,9 532
Leevi,9 081
Veli,8 973
Arttu,8 964
Simo,8 618
Jyrki,8 614
Joel,8 464
Keijo,8 406
Lasse,8 361
Niklas,8 094
Väinö,8 062
Aki,7 988
Riku,7 894
Daniel,7 821
Otto,7 818
Juhani,7 814
Kai,7 795
Toivo,7 574
Veeti,7 500
Miika,7 482
Mauri,7 395
Niilo,7 303
Jarno,7 298
Valtteri,7 164
Jan,7 028
Rasmus,6 892
Oliver,6 849
Kauko,6 458
Rauno,6 458
Reino,6 437
Roope,6 312
Anton,6 252
Teuvo,6 060
Santeri,5 991
Ossi,5 987
Oskari,5 970
Emil,5 853
Atte,5 763
Olavi,5 761
Ismo,5 756
Miro,5 742
Anssi,5 716
Samuel,5 612
Aaro,5 609
Vilho,5 554
Aapo,5 543
Veijo,5 452
Samu,5 434
Samuli,5 310
Asko,5 162
Tuukka,5 162
Osmo,5 050
Lassi,4 984
Julius,4 983
Kim,4 921
Tauno,4 921
Eemeli,4 908
Kalevi,4 728
Konsta,4 605
Roni,4 587
Topi,4 559
Jimi,4 549
Johan,4 479
Akseli,4 419
Aimo,4 373
Max,4 341
Taisto,4 340
Henrik,4 276
Aatu,4 269
Alex,4 253
Eemil,4 221
Tatu,4 177
Henry,4 171
Miikka,4 150
Eeli,4 130
Yrjö,4 101
Erik,4 088
Kasper,4 080
Jyri,4 055
Johannes,4 044
Vili,4 036
Viljami,4 032
Karl,4 013
Tarmo,4 009
Tapani,3 986
Aarne,3 963
Patrik,3 960
Saku,3 926
Benjamin,3 918
Sakari,3 888
Mauno,3 836
Tom,3 831
Viljo,3 783
Sauli,3 695
Oiva,3 694
Lenni,3 688
Ilpo,3 657
Ahti,3 578
Kristian,3 552
Eelis,3 541
Rami,3 463
Hugo,3 418
Kaarlo,3 416
Kaj,3 397
Veli-Matti,3 366
Lars,3 340
Iiro,3 324
Miska,3 310
Jonne,3 305
Peter,3 305
Topias,3 297
Noel,3 292
Otso,3 290
Alpo,3 244
Luka,3 213
Aaron,3 208
Arvo,3 200
Sebastian,3 162
Juha-Pekka,3 135
Jami,3 128
Sampo,3 065
Unto,3 050
Pyry,3 035
Kyösti,2 989
Robert,2 940
Nooa,2 938
Nico,2 927
Jukka-Pekka,2 908
Alexander,2 899
Urho,2 798
Heimo,2 725
Tony,2 724
Teppo,2 677
Thomas,2 655
Hans,2 643
Miko,2 630
Luukas,2 602
Robin,2 590
Aku,2 576
Aulis,2 564
Peetu,2 560
Petteri,2 558
Sulo,2 544
Santtu,2 534
Ilari,2 517
Aatos,2 489
Jasper,2 469
Leif,2 424
Veikka,2 415
Tomas,2 413
Lucas,2 411
Elmeri,2 389
Panu,2 372
Perttu,2 367
Lukas,2 295
Carl,2 255
Veli-Pekka,2 250
Alvar,2 217
Ilmari,2 215
Juha-Matti,2 196
Jonas,2 191
Aarni,2 170
Harry,2 159
Nuutti,2 147
Olli-Pekka,2 139
Oskar,2 129
Voitto,2 119
John,2 101
Kaapo,1 998
Christian,1 964
Joonatan,1 955
Rainer,1 950
Terho,1 906
Tino,1 900
Urpo,1 899
Klaus,1 883
Nils,1 866
Paul,1 848
Sisu,1 841
Joakim,1 830
Antero,1 827
Oscar,1 827
Teijo,1 819
Frans,1 801
Luca,1 797
Kasperi,1 791
Stefan,1 789
Justus,1 785
Severi,1 778
Jooa,1 776
Reima,1 771
Lari,1 762
Anders,1 748
Hannes,1 745
Axel,1 727
Aarno,1 726
William,1 712
Tommy,1 659
Jesper,1 642
Elmo,1 641
Aarre,1 635
Bengt,1 627
Ari-Pekka,1 618
Ali,1 611
Milo,1 610
Arvi,1 575
Andreas,1 571
Eemi,1 570
Manu,1 568
Karri,1 559
Marcus,1 539
Stig,1 538
Martin,1 529
Erno,1 473
Jori,1 473
Rolf,1 473
Jerry,1 460
Kimi,1 446
Vertti,1 400
Edvin,1 395
Mats,1 390
Taneli,1 388
Sven,1 387
Touko,1 371
Taavi,1 362
Felix,1 359
Kenneth,1 353
Timi,1 352
Viktor,1 323
Linus,1 312
Patrick,1 309
Kalervo,1 308
Kurt,1 308
Kevin,1 303
Jonathan,1 298
Ralf,1 285
Verneri,1 285
Simon,1 276
Tenho,1 273
Mohamed,1 270
Jari-Pekka,1 257
Michael,1 235
Jiri,1 232
Rauli,1 229
Björn,1 226
Fredrik,1 218
Adam,1 211
Mico,1 209
Bo,1 167
Casper,1 163
Per,1 158
Juhana,1 137
Noah,1 135
Raine,1 125
David,1 109
Eliel,1 105
Tobias,1 105
Eerik,1 101
Leon,1 097
Tuure,1 070
Niki,1 058
Dan,1 049
Artturi,1 033
Kosti,1 029
Ulf,1 028
Mathias,1 012
Heino,1 007
Sampsa,1 002
Jan-Erik,997
Iivo,996
Magnus,977
Tiitus,943
Ville-Veikko,921
Victor,920
Visa,918
Teo,910
Jens,906
Erkka,902
Joose,901
Liam,898
Christer,897
Sasu,895
Albert,889
Armas,885
Jalo,883
Iikka,873
Ukko,873
Jose,867
Allan,863
Niila,844
Auvo,842
Ahmed,837
Jeremias,834
Helge,833
Petrus,833
Taito,831
Elia,826
Ilmo,823
Venni,821
Kjell,815
Roger,813
Gabriel,809
Nikolas,809
Filip,805
Aleksanteri,802
Okko,799
Krister,798
Bror,795
Antton,790
Niclas,787
Noa,779
Marco,776
Valto,776
Alf,768
Oula,764
Waltteri,756
Jimmy,755
Aamos,751
Jussi-Pekka,750
Vesa-Matti,750
Jonatan,743
Jon,741
Paulus,735
Altti,732
Rafael,732
Iivari,730
Kaarle,721
Nicolas,718
Vincent,704
Isto,703
Mio,696
Richard,688
Göran,683
Eric,676
Johnny,670
Roy,662
Andrei,655
Theo,653
Ilja,644
Jarl,643
Eevert,640
Amos,639
Börje,639
Adrian,634
Turo,632
Jim,623
Rene,619
Mark,617
Jonni,616
Dennis,610
Jare,605
Isak,602
Tim,601
Ben,593
Nicholas,593
Tor,587
Torsti,582
Atso,578
Neo,577
Christoffer,572
Reko,570
Aron,569
Hermanni,567
Mohammad,566
Petja,564
Sam,563
Jalmari,562
Hemmo,560
Walter,549
Nikolai,541
Miki,539
Frank,538
Jasu,537
Elis,529
Håkan,526
Dani,524
Aapeli,522
Eppu,521
Pietari,514
Kaius,513
Vladimir,509
Ville-Pekka,506
Eljas,504
Elliot,504
Bjarne,499
Ensio,499
Omar,499
Juri,495
Vesa-Pekka,492
Mirko,487
Aksel,480
Raino,480
Aukusti,479
Aleksandr,475
Jaro,474
Valter,472
Arno,470
Mohammed,467
Antti-Jussi,463
Arne,460
Åke,458
Christopher,455
Kauno,452
Pekko,444
Usko,441
Ivan,440
Gunnar,436
Pontus,433
Kari-Pekka,427
Romeo,427
Guy,425
Muhammad,423
Gustav,421
Ibrahim,418
Sergei,417
Antti-Pekka,410
Arthur,410
Antto,408
Ronny,408
Nicklas,407
Amir,406
Alvin,405
Arsi,405
Elmer,403
Sten,397
Georg,396
Maxim,395
Einari,394
Ruben,393
Nikita,391
Mattias,390
Pavel,388
Samppa,387
André,384
Artur,384
Jakob,384
Kent,382
Veini,382
Into,379
Boris,377
Nestori,376
Turkka,375
Joa,374
Igor,373
Mikke,370
Valo,370
Viljam,364
Bruno,363
Kristoffer,363
Rune,363
Alfred,362
Tage,361
Vilppu,361
Aatto,360
Abdirahman,359
Osku,359
August,357
Arvid,356
Albin,354
Wille,352
Nino,351
Joosua,348
Wilhelm,348
James,347
Roman,347
Asmo,344
Ohto,342
Jonny,341
Klas,340
Philip,340
Toimi,335
Denis,334
Van,334
Jacob,332
Maximilian,331
Anttoni,327
Pietu,327
Edward,324
Aleksander,323
Mustafa,321
Aleksei,318
Evert,317
Aake,316
Ivar,316
Lennart,315
Ville-Petteri,315
Mitja,314
Matts,313
Manuel,311
Karo,310
Uuno,309
Jack,307
Marius,307
Pete,306
Vihtori,306
Eeti,303
Herman,303
Karim,303
Kasimir,303
Joshua,300
Edwin,299
Herkko,299
Alvari,297
Kuisma,296
Aleksis,295
Jean,294
Svante,294
Julian,293
Ole,293
Edvard,292
Soini,292
Aslak,291
Jason,291
Abdullahi,290
Asser,290
Einar,290
Ville-Matti,289
Esa-Pekka,288
Hannu-Pekka,288
Dominic,287
Jari-Matti,287
Miio,287
Totti,287
Jake,286
Iisakki,285
Iisak,284
Maksim,284
Masi,284
Ove,283
Erkko,282
Orvo,282
Pirkka,282
Petro,281
Valde,281
Ahmad,277
Oleg,276
Nikke,275
Roland,275
Verner,275
Mertsi,274
Konstantin,273
Ari-Matti,272
Joachim,272
Jörgen,272
Mikhail,271
Milton,271
Benny,266
Ian,266
Melvin,265
Rikhard,265
Rony,265
Hassan,264
Kaspian,264
Sune,262
Ted,262
Jaani,261
Jasse,261
Bernt,260
Petter,259
Per-Erik,258
Anthony,257
Anselmi,254
Eddie,254
Olof,254
Dimitri,253
Juho-Pekka,253
Sergey,250
Jetro,249
Maunu,249
Timo-Pekka,249
Yusuf,249
Jone,245
Torsten,245
Peik,244
Pessi,244
Samir,244
Wiljami,244
Hussein,243
Berndt,242
Gösta,241
Renne,240
Kirill,239
Wilmer,239
Andrey,237
Immo,236
Knut,236
Charles,235
Levi,235
Simeon,235
Dick,234
Ernst,233
Wäinö,233
Karl-Erik,231
Matthew,231
Viggo,229
Birger,228
Dmitri,228
Alec,227
Antonio,226
Casimir,224
Lars-Erik,224
Ronnie,224
Miiko,222
Carl-Johan,221
Kare,221
Mårten,221
Kuutti,220
Leonard,220
Elian,218
Hamza,218
Nemo,218
Olli-Matti,218
Jeremia,214
Ola,214
Alexandre,213
Leonardo,213
Mike,213
Carlos,212
Conny,212
Isac,212
Jermu,212
Kerkko,212
Kaino,210
Raul,210
Rico,209
Staffan,208
Joe,207
Olle,207
Ville-Valtteri,207
Kennet,206
Manne,204
Tore,204
Anas,202
Jali,202
Mehmet,202
Daniil,200
Frej,200
Ismail,200
Said,199
Tristan,199
Liinus,198
Jesperi,197
Benjam,196
Remu,196
Ami,195
Aappo,194
Andrew,194
Bertel,194
Jani-Petteri,194
Mihail,194
Alexey,193
Artem,193
Ingmar,193
Jaska,193
Sixten,193
Caj,192
Glenn,192
Jusa,192
Dmitry,191
Simo-Pekka,189
Valentin,189
Elja,188
Hemmi,188
Sture,188
Yngve,188
Huugo,186
Kristo,186
Ossian,186
Fred,185
Ron,185
Rudolf,185
Abdi,183
Jarko,183
Niilas,182
Marc,181
Sören,181
Terno,181
Amin,179
Atro,179
Hasan,179
Kauri,179
René,179
Zacharias,178
Micke,177
Abdullah,176
Sami-Pekka,175
Mahamed,174
Alfons,173
Vilhelm,173
Colin,172
Cristian,172
Khalid,172
Leino,172
Aate,171
Aati,171
Kari-Matti,171
Joseph,170
Karl-Johan,170
Ken,170
Sami-Petteri,170
Harald,169
Aarto,168
Lenny,168
Miklas,166
Milan,166
Thor,165
Benjami,164
Folke,164
Saska,164
Titus,164
Rickard,162
Ryan,162
Charlie,161
Eikka,161
Holger,161
Theodor,161
Uula,161
Gustaf,159
Jaajo,159
Luke,159
Morris,159
Rauni,159
Josef,158
Elo,157
Jan-Peter,157
Matteus,157
Verne,157
Alexi,156
Nathan,156
Vidar,156
Werner,156
Helmer,155
Emir,154
Sakke,154
Valeri,154
Miiro,153
Abdul,152
Jani-Pekka,152
Juho-Matti,152
Torbjörn,152
Henrikki,151
Jan-Mikael,150
Kusti,150
Muhammed,150
Myrsky,150
Esa-Matti,149
Vadim,149
Hiski,148
Valtti,148
Jero,147
Juan,147
Ludvig,147
Risto-Matti,147
Saul,147
Vladislav,145
Alexei,144
Eeka,143
Akusti,142
Alpi,142
Lionel,142
Niko-Petteri,142
Ragnar,142
Otava,141
Alan,140
Rufus,140
Vinski,140
Osman,139
Eevertti,138
Elton,138
Leonel,138
Sulevi,138
Valle,137
Alvi,136
Jiro,136
Mitro,136
Remi,136
Anttu,135
Bertil,135
Miku,135
Janne-Pekka,134
Jeremy,134
Jirka,134
Misa,134
Vikke,134
Elvis,133
Jyry,133
Kosmo,133
George,132
Matteo,132
Asla,131
Jeri,131
Kaj-Erik,131
Matti-Pekka,131
Zakaria,131
Greger,130
Minh,130
Per-Olof,130
Tyko,130
Alexis,129
Evgeny,129
Sammy,129
Clas,128
Juha-Petri,128
Micael,128
Werneri,128
Edgar,127
Eduard,127
Elvin,127
Roberto,127
Wiljam,127
Caspian,126
Juhamatti,126
Karlo,126
Md.,126
Andre,125
Dante,125
Fabian,125
Juska,125
Ahto,124
Dylan,124
Luis,124
Ville-Markus,124
Juha-Petteri,123
Rayan,123
Roi,123
Yasin,123
Kullervo,122
Rabbe,122
Riku-Pekka,122
Sean,122
Evan,121
Kustaa,121
Thanh,121
Uolevi,121
Aale,120
Bilal,120
Juuse,120
Eliot,119
Emilio,119
Ilyas,119
Jaan,119
Mikko-Pekka,119
Mohamad,119
Stanislav,119
Claes,118
Ethan,118
Hampus,118
Torolf,118
Lemmy,117
Tuisku,117
Uljas,117
Adnan,116
Curt,116
Jasperi,115
Tami,115
Finn,114
Chris,113
Patric,113
Weeti,113
Sven-Erik,112
Timothy,112
Timur,112
Aksu,111
Aleks,111
Jussi-Petteri,111
Miguel,111
Pär,111
Anatoli,110
Harto,110
Jeremi,109
Kian,109
Riki,109
Silvo,109
Abel,108
Emre,108
Jaako,108
Måns,108
Raoul,108
Toomas,108
Valdemar,108
Jouka,107
Kristofer,107
Bo-Erik,105
Deniz,105
Milko,105
Rolle,105
Carlo,104
Mario,104
Nuuti,104
Vitali,104
Eerikki,103
Mauritz,103
Arimo,102
Jakke,102
Kalle-Pekka,102
Pedro,102
Auno,101
Eki,101
Emmanuel,101
Matvei,101
Nils-Erik,101
Riku-Petteri,101
Oliwer,100
Selim,100
Brian,99
Huuko,99
Olav,99
Eemu,98
Jan-Olof,98
Jussa,98
Leonid,98
Marlo,98
Muhamed,98
Rudi,98
Steven,98
Taavetti,98
Vili-Valtteri,98
Wilho,98
Asseri,97
Isaac,97
Keimo,97
Kenny,97
Mahdi,97
Stephen,97
Valtter,97
Jamal,96
Malte,96
Mikki,96
Nestor,96
Sakarias,96
Carl-Erik,95
Pepe,95
Arman,94
Jamiel,94
Jan-Henrik,94
Ture,94
Ari-Jukka,93
Diego,93
Havu,93
Jerker,93
Semi,93
Claus,92
Maximus,92
Md,92
Ricardo,92
Sameli,92
Yahya,92
Abdulkadir,91
Eero-Pekka,91
Ray,91
Tito,91
Veetu,91
Aki-Petteri,90
Jamie,90
Jani-Matti,90
Joni-Petteri,90
Melker,90
Urmas,90
Dominik,89
Emppu,89
Louis,89
Malik,89
Mehdi,89
Nick,89
Niku,89
Wili,89
Abbas,88
Jerri,88
Jonah,88
Joni-Pekka,88
José,88
Marlon,88
Mateo,88
Pieti,88
Rurik,88
Vilmer,88
Ante,87
Ilya,87
Marek,87
Teodor,87
Dag,86
Joacim,86
Joska,86
Runar,86
Alarik,85
Matheo,84
Musa,84
Ronald,84
Jooel,83
Josua,83
Kaspar,83
Michel,83
Nicky,83
Pehr,83
Antti-Juhani,82
Arian,82
Caius,82
Hamid,82
Jona,82
Justin,82
Matthias,82
Murat,82
Nelson,82
Alessandro,81
Aston,81
Jan-Kristian,81
Nikolay,81
Pablo,81
Reetu,81
Ruslan,81
Ruuben,81
Timmy,81
Totte,81
Youssef,81
Elijah,80
Hans-Erik,80
Reeti,80
Veli-Jussi,80
Eskil,79
Mika-Petteri,79
Ano,78
Ekku,78
Miikael,78
Renny,78
Winston,78
Imran,77
Jan-Eric,77
Kuura,77
Moritz,77
Quoc,77
Sander,77
Alexandros,76
Antti-Ville,76
Damian,76
Helmeri,76
Jyri-Pekka,76
Lenne,76
Miron,76
Mohamud,76
Morgan,76
Riko,76
Uno,76
Duc,75
Hasse,75
Jokke,75
Ludwig,75
Mahad,75
Mika-Petri,75
Olli-Petteri,75
Ralph,75
Rio,75
Ahmet,74
Andres,74
Anthon,74
Enzo,74
Ere,74
Herbert,74
Ilias,74
Jordan,74
Juho-Antti,74
Khaled,74
Otto-Ville,74
Reh,74
Yahye,74
Carl-Gustav,73
Fjalar,73
Jayden,73
Junnu,73
Melwin,73
Mikail,73
Raymond,73
Tarvo,73
Viking,73
Andrea,72
Andy,72
Arnold,72
Egor,72
Ilppo,72
Jan-Markus,72
Jirko,72
Stephan,72
Sven-Olof,72
Tahvo,72
Taimo,72
Jerome,71
Julle,71
Karlos,71
Mahmoud,71
Miikkael,71
Nabil,71
Aram,70
Ayman,70
Calle,70
Ilia,70
Mici,70
Mika-Matti,70
Nikolaos,70
Riku-Matti,70
Tero-Pekka,70
Abdifatah,69
Akram,69
Emanuel,69
Harri-Pekka,69
Hjalmar,69
Joar,69
Lev,69
Mert,69
Robi,69
Seemi,69
Franz,68
Jony,68
Taha,68
Yury,68
Anwar,67
Bert,67
Damien,67
Juhapekka,67
Juho-Petteri,67
Jukka-Matti,67
Konrad,67
Petr,67
Brandon,66
Georgios,66
Janne-Petteri,66
Kenth,66
Lennu,66
Quang,66
Risto-Pekka,66
Runo,66
Sasha,66
Tomi-Pekka,66
Aito,65
Jussi-Matti,65
Karl-Gustav,65
Masa,65
Ramin,65
Francisco,64
Halti,64
Ingvar,64
Launo,64
Mika-Pekka,64
Mostafa,64
Sayed,64
Steve,64
Timofei,64
Zachary,64
Aabel,63
Algot,63
Amar,63
Anh,63
Antte,63
Ariel,63
Josi,63
Lenna,63
Ollipekka,63
Serguei,63
Vili-Petteri,63
Atlas,62
Hoang,62
Jan-Anders,62
Jukka-Petteri,62
Juno,62
Kiril,62
Lalli,62
Marwan,62
Syed,62
Veli-Jukka,62
Aslan,61
Cedric,61
Ebbe,61
Feetu,61
Marcel,61
Robertino,61
Vilhelmi,61
Adil,60
Alexandr,60
Armin,60
Carl-Henrik,60
Ernest,60
Eugen,60
Jemi,60
Paolo,60
Pasi-Pekka,60
Salomon,60
Scott,60
Seyed,60
Sipi,60
Trygve,60
Carl-Gustaf,59
Cay,59
Darin,59
Ilo,59
Johann,59
Kunto,59
Rikard,59
Velu,59
Willy,59
Adel,58
Arho,58
Christofer,58
Elof,58
Janne-Matti,58
Jooseppi,58
Karel,58
Nicke,58
Omer,58
Dmitrii,57
Jomi,57
Jura,57
Karl-Henrik,57
Mikko-Petteri,57
Ngoc,57
Pauno,57
Salomo,57
Theodore,57
Ukko-Pekka,57
Velimatti,57
Ville-Oskari,57
Abdulrahman,56
Ayub,56
Danny,56
Eirik,56
Jari-Jukka,56
Jaron,56
Jore,56
Jymy,56
Keni,56
Mino,56
Riiko,56
Saad,56
Timo-Jaakko,56
Waldemar,56
Aidan,55
Antoni,55
Danil,55
Francis,55
Hilding,55
Jevgeni,55
Mustapha,55
Ristomatti,55
Veli-Heikki,55
Alberto,54
Ale,54
Ermo,54
Haidar,54
Odin,54
Viacheslav,54
Waltter,54
Aapi,53
Aiden,53
Aki-Pekka,53
Armo,53
Atle,53
Caspar,53
Danial,53
Idris,53
Kaapro,53
Konstantinos,53
Ricky,53
Sakariye,53
Stig-Erik,53
Tor-Erik,53
Troy,53
Ömer,53
Adem,52
Ayuub,52
Eli,52
Faisal,52
Jaakob,52
Jari-Petteri,52
Rachid,52
Reza,52
Alek,51
Ammar,51
Azad,51
Eeki,51
Glen,51
Lars-Johan,51
Marcos,51
Toni-Pekka,51
Valio,51
Anto,50
Bill,50
Diar,50
Don,50
Farhan,50
Gleb,50
Kamal,50
Miilo,50
Miso,50
Nathaniel,50
Raineri,50
Rinaldo,50
Salah,50
Salman,50
Vieno,50
Artti,49
Derek,49
Feliks,49
Fredric,49
Georgi,49
Huu,49
Isko,49
Jasin,49
Jax,49
Jorge,49
Markko,49
Niiles,49
Zakariya,49
Arttur,48
Bastian,48
Daniele,48
Emin,48
Florian,48
Hadi,48
Harun,48
Jan-Christian,48
Jusu,48
Lassi-Pekka,48
Liban,48
Nasir,48
Nilo,48
Omid,48
Paulo,48
Saku-Petteri,48
Tarik,48
Veli-Mikko,48
Vesa-Heikki,48
Ville-Matias,48
Walid,48
Yassin,48
Yousef,48
Andrej,47
Ate,47
Bernhard,47
Dino,47
Egil,47
Hussain,47
Juha-Antti,47
Kaleva,47
Noam,47
Osma,47
Owen,47
Paavali,47
Stig-Olof,47
Teddy,47
Veli-Antti,47
Amadeus,46
Carl-Magnus,46
Feeli,46
Hanno,46
Ioannis,46
Jaroslav,46
Jeppe,46
Mahir,46
Musab,46
Pietro,46
Torvald,46
Vaito,46
Venne,46
Yousif,46
Farid,45
Hashim,45
Jedi,45
Kasmir,45
Romi,45
Seeti,45
Seth,45
Sigurd,45
Toma,45
Tomy,45
Valte,45
Velipekka,45
Aadam,44
Baran,44
Devin,44
Efe,44
Fritz,44
Hakim,44
Janek,44
Joni-Matti,44
Jukkapekka,44
Milad,44
Nici,44
Niko-Pekka,44
Päivö,44
Sammeli,44
Stig-Göran,44
Veli-Petteri,44
Viki,44
Vitaly,44
Xuan,44
Younes,44
Yunus,44
Arif,43
Artjom,43
Bogdan,43
Evald,43
Hakan,43
Haris,43
Jani-Petri,43
Joosa,43
Juhan,43
Kenan,43
Lippo,43
Oke,43
Per-Ole,43
Remo,43
Ridwan,43
Stepan,43
Taro,43
Valentino,43
Vilgot,43
Yasir,43
Arda,42
Ari-Petteri,42
Asad,42
Berat,42
Birk,42
Eetu-Petteri,42
Fedor,42
Francesco,42
Hong,42
Hüseyin,42
Iivar,42
Lari-Pekka,42
Nikola,42
Oleksandr,42
Raphael,42
Stefano,42
Sylvester,42
Volter,42
Abdiaziz,41
Abdulahi,41
Aki-Matti,41
Antony,41
Aziz,41
Bo-Göran,41
Bror-Erik,41
Darius,41
Edi,41
Erpo,41
Freddy,41
Hanad,41
Hector,41
Jari-Petri,41
Jaso,41
Juha-Heikki,41
Kirmo,41
Miran,41
Paul-Erik,41
Philipp,41
Philippe,41
Salim,41
Terjo,41
Yonis,41
Adiel,40
Bashir,40
Dean,40
Dimitrios,40
Dion,40
Fatih,40
Filipp,40
German,40
Ismael,40
Joeli,40
Joosu,40
Jopi,40
Kai-Erik,40
Khalil,40
Marko-Tapio,40
Nisse,40
Nolan,40
Retu,40
Siilas,40
Sinan,40
Suleiman,40
Tien,40
Toni-Petteri,40
Tuan,40
Vasili,40
Veka,40
Viima,40
Aare,39
Arni,39
Chi,39
Conrad,39
Daavid,39
Dave,39
El,39
Eliah,39
Enes,39
Jan-Ole,39
Jeremiah,39
Jerkko,39
Joas,39
Kristjan,39
Lamin,39
Lars-Olof,39
Lion,39
Maxwell,39
Remy,39
Ronni,39
Saman,39
Sante,39
Silas,39
Sippo,39
Sumu,39
Abdel,38
Aku-Petteri,38
Alejandro,38
Allu,38
Cosmo,38
Danila,38
Donald,38
Gary,38
Iisko,38
Ivo,38
Lauri-Pekka,38
Leander,38
Misca,38
Nicolai,38
Rickhard,38
Saif,38
The,38
Tomi-Petteri,38
Untamo,38
Veerti,38
Vilko,38
Aaretti,37
Aari,37
Abdallah,37
Abdinasir,37
Abraham,37
Arvin,37
Can,37
Christos,37
Dario,37
Egon,37
Farhad,37
Fernando,37
Gert,37
Gregory,37
Hendrik,37
Jaime,37
Jan-Eerik,37
Janiel,37
Jouna,37
Keith,37
Larry,37
Lorenzo,37
Miitri,37
Onni-Pekka,37
Pasi-Petteri,37
Ramses,37
Tatu-Pekka,37
Tico,37
Ville-Mikko,37
Wilton,37
Aalto,36
Angelo,36
Aras,36
Arash,36
Aro,36
Arttu-Pekka,36
Bryan,36
Eetu-Pekka,36
Evgeni,36
Göte,36
Hannu-Matti,36
Jalmar,36
Javier,36
Jeeli,36
Juha-Mikko,36
Jules,36
Mikko-Matti,36
Mikko-Ville,36
Misha,36
Nima,36
Roine,36
Tarek,36
Valery,36
Veli-Markku,36
Aaku,35
Abdirashid,35
Ake,35
Antti-Matti,35
Arlo,35
Carl-Eric,35
Claudio,35
Eepi,35
Eilo,35
Erol,35
Ezra,35
Grigori,35
Halil,35
Henning,35
Jamil,35
Josia,35
Lars-Göran,35
Mahamud,35
Mainio,35
Marvin,35
Muisto,35
Rino,35
Samy,35
Setti,35
Sonny,35
Tan,35
Théo,35
Yoonis,35
Aku-Pekka,34
Alaa,34
Alessio,34
Aryan,34
Benyamin,34
Brahim,34
Calvin,34
Dan-Erik,34
Ensi,34
Evgenii,34
Fahad,34
Frederick,34
Frey,34
Fuad,34
Georgij,34
Habib,34
Imad,34
Jay,34
Jeffrey,34
John-Erik,34
Jüri,34
Jörn,34
Kadir,34
Kemal,34
Lawrence,34
Léo,34
Logan,34
Love,34
Majid,34
Mikko-Matias,34
Miroslav,34
Niels,34
Olli-Heikki,34
Onur,34
Pellervo,34
Päiviö,34
Reidar,34
Rodi,34
Samu-Petteri,34
Santiago,34
Willem,34
Abdirisak,33
Abubakar,33
Ari-Juhani,33
Aydin,33
Bob,33
Cameron,33
Damir,33
Jackson,33
Jaki,33
Jürgen,33
Kivi,33
Metin,33
Miles,33
Mortti,33
Nilla,33
Osvald,33
Otto-Pekka,33
Simopekka,33
Solomon,33
Uki,33
Abbe,32
Alireza,32
Antti-Oskari,32
Bernard,32
Billy,32
Christoph,32
Cong,32
Duy,32
Enis,32
Hans-Peter,32
Ismet,32
Jere-Petteri,32
Juho-Heikki,32
Juho-Ville,32
Kay,32
Mirka,32
Mitri,32
Pierre,32
Pyry-Petteri,32
Sigge,32
Trong,32
Vennu,32
Ville-Juhani,32
Vito,32
Zakariye,32
Abdirizak,31
Aiman,31
Ako,31
Andi,31
Ervin,31
Felipe,31
Heppu,31
Ingemar,31
Janus,31
Jouni-Pekka,31
Juho-Matias,31
Jyri-Petteri,31
Kaiku,31
Kamil,31
Kari-Tapio,31
Karrar,31
Kris,31
Kyle,31
Luqman,31
Mauro,31
Milian,31
Milos,31
Olli-Jussi,31
Osama,31
Pate,31
Remus,31
Rudy,31
Samu-Pekka,31
Tomás,31
Umar,31
Veli-Juhani,31
Vili-Veikko,31
Walle,31
Wertti,31
Abukar,30
Alban,30
Arjo,30
Artin,30
Dmytro,30
Douglas,30
Eddy,30
Elliott,30
Enrico,30
Eren,30
Erkan,30
Fabio,30
Federico,30
Gennadi,30
Gia,30
Gilbert,30
Goran,30
Jarre,30
Juha-Ville,30
Kaappo,30
Louie,30
Matti-Juhani,30
Maxime,30
Miklos,30
Mubarak,30
Nalle,30
Ramazan,30
Ruu,30
Stanley,30
Tor-Björn,30
Ville-Veikka,30
Östen,30
Abdirahim,29
Abdurahman,29
Aden,29
Aldo,29
Alwin,29
András,29
Antoine,29
Aripekka,29
Edin,29
Faruk,29
Gideon,29
Guido,29
Hamse,29
Husein,29
Iouri,29
Janos,29
Jared,29
Johny,29
Juha-Markus,29
Juuso-Petteri,29
Kalle-Petteri,29
Karwan,29
Larri,29
Le,29
Lee,29
Leimu,29
Mattis,29
Micah,29
Misael,29
Mohsen,29
Mustafe,29
Nikolaj,29
Nuno,29
Oki,29
Olivier,29
Orhan,29
Paju,29
Peeter,29
Pyry-Pekka,29
Sigvard,29
Simeoni,29
Thure,29
Tord,29
Vasily,29
Ville-Eemeli,29
Villiam,29
Wiggo,29
Yannick,29
Anssi-Pekka,28
Arseni,28
Ayoub,28
Connor,28
Dahir,28
Elon,28
Enver,28
Ervo,28
Ferhat,28
Fidel,28
Haider,28
Heikki-Pekka,28
Imraan,28
Jari-Juhani,28
Jimmie,28
Jussipekka,28
Koitto,28
Lauri-Matti,28
Mergim,28
Mooses,28
Moses,28
Naser,28
Nathanael,28
Oma,28
Prince,28
Rahim,28
Rane,28
Saarni,28
Saku-Pekka,28
Salmaan,28
Sami-Petri,28
Ukri,28
Varma,28
Vesa-Jukka,28
Vesa-Petteri,28
Viet,28
Viliam,28
Wincent,28
Xavier,28
Zaid,28
Abdelaziz,27
Abdimalik,27
Ailo,27
Antti-Veikko,27
Ardian,27
Austin,27
Caleb,27
Dana,27
Eduardo,27
Ensar,27
Ernesti,27
Espen,27
Joosef,27
Jori-Pekka,27
Jusuf,27
Kai-Markus,27
Kalle-Matti,27
Karam,27
Kari-Juhani,27
Karolus,27
Lars-Eric,27
Lars-Henrik,27
Liiban,27
Margus,27
Mason,27
Maurits,27
Mick,27
Mirco,27
Neil,27
Peeti,27
Petros,27
Ramon,27
Saeed,27
Sasa,27
Shahin,27
Tani,27
Tuovi,27
Veeti-Valtteri,27
Ville-Antti,27
Ylermi,27
Zain,27
Abdulla,26
Abu,26
Alain,26
Amer,26
Anatoly,26
Andriy,26
Attila,26
Carolus,26
Cedrik,26
Eeri,26
Eero-Matti,26
Ernesto,26
Fatmir,26
Furkan,26
Hamed,26
Hartti,26
Henri-Pekka,26
Hessu,26
Hicham,26
Hossein,26
Hubert,26
Iippo,26
Irfan,26
Jeemi,26
Joni-Markus,26
Joonas-Petteri,26
Léon,26
Loke,26
Matvey,26
Muad,26
Nikko,26
Nur,26
Pasi-Matti,26
Peder,26
Pekka-Juhani,26
Ramzi,26
Rashid,26
Rian,26
Rick,26
Rodrigo,26
Sébastien,26
Serhat,26
Tanu,26
Thien,26
Tomasz,26
Tyler,26
Viatcheslav,26
Ville-Heikki,26
Ville-Joonas,26
Ville-Samuli,26
Vinh,26
Abdirisaq,25
Ailu,25
Albion,25
Aleksandar,25
Amiir,25
Amine,25
Aran,25
Are,25
Asa,25
Bekim,25
Burhan,25
Davin,25
Eben,25
Ehsan,25
Erfan,25
Fouad,25
Gholam,25
Hamsa,25
Hayder,25
Jaakko-Pekka,25
Jani-Markus,25
Jethro,25
Jooas,25
Jun,25
Jyri-Matti,25
Kai-Kristian,25
Kajo,25
Kirka,25
Lasse-Pekka,25
Leo-Pekka,25
Leopold,25
Lorenz,25
Malek,25
Michail,25
Mir,25
Niko-Matti,25
Olli-Veikko,25
Ora,25
Peitsa,25
Reda,25
Rein,25
Roomeo,25
Sacha,25
Sami-Matti,25
Sandro,25
Sulho,25
Tariq,25
Terry,25
Timofey,25
Tom-Erik,25
Vu,25
Wictor,25
Yan,25
Aatami,24
Abdirahmaan,24
Abdurrahman,24
Alper,24
Andréas,24
Antti-Petteri,24
Ara,24
Arin,24
Armend,24
Dage,24
Dmitrij,24
Driss,24
Elyas,24
Evgueni,24
Ewan,24
Fadi,24
Faysal,24
Frederik,24
Georgy,24
Giuseppe,24
Gustavo,24
Harrison,24
Hektor,24
Henno,24
Imre,24
Jakub,24
Janrik,24
Jarto,24
Jegor,24
Jerko,24
Josa,24
Juha-Tapio,24
Juha-Veikko,24
Juho-Jaakko,24
Jukka-Tapio,24
Julio,24
Jurkka,24
Kai-Mikael,24
Kaj-Olof,24
Kassu,24
Leonidas,24
Massimo,24
Michele,24
Murad,24
Onni-Oskari,24
Penna,24
Per-Henrik,24
Rani,24
Reini,24
Riku-Ville,24
River,24
Rohan,24
Saleh,24
Sani,24
Sebastien,24
Semen,24
Siimon,24
Silver,24
Sirius,24
Tero-Matti,24
Tomek,24
Valon,24
Veli-Markus,24
Vili-Pekka,24
Ville-Waltteri,24
Vitalii,24
Vjatseslav,24
Walther,24
Wiljo,24
Yassine,24
Yuusuf,24
Zana,24
Abdiqani,23
Adolf,23
Afrim,23
Ajan,23
Alve,23
Ari-Jussi,23
Ba,23
Baris,23
Besnik,23
Björn-Erik,23
Darren,23
Dexter,23
Efraim,23
Egzon,23
Emerik,23
Emran,23
Feija,23
Frans-Emil,23
Freddie,23
Gerald,23
Gerhard,23
Giovanni,23
Hermann,23
Iipo,23
Jacques,23
Janne-Juhani,23
Jere-Pekka,23
Jiko,23
Jommi,23
Julien,23
Jurij,23
Kasim,23
Kelvin,23
Kerim,23
Khadar,23
Kim-Erik,23
Koda,23
Kouta,23
Lino,23
Luan,23
Maher,23
Mahmood,23
Manfred,23
Markos,23
Masud,23
Meelis,23
Mica,23
Mikkel,23
Muhsin,23
Nader,23
Nando,23
Nasim,23
Nichlas,23
Nicolás,23
Nikki,23
Noureddine,23
Rebin,23
Ronan,23
Saabir,23
Sakri,23
Salar,23
Salih,23
Sointu,23
Soni,23
Stefanos,23
Timo-Juhani,23
Touho,23
Trung,23
Tryggve,23
Umut,23
Voima,23
Yosef,23
Aape,22
Abdalla,22
Abdellah,22
Abshir,22
Alen,22
Alho,22
Almir,22
Alvaro,22
Antti-Eemeli,22
Antti-Heikki,22
Ari-Heikki,22
Ari-Petri,22
Bujar,22
Carl-Axel,22
Carl-Oscar,22
Danilo,22
Davide,22
Demir,22
Eetu-Oskari,22
Elion,22
Emmett,22
Erland,22
Firas,22
Georgii,22
Grigory,22
Guled,22
Helke,22
Hisham,22
Jama,22
Jan-Ove,22
Jaxon,22
Josiah,22
Lenni-Kalle,22
Liibaan,22
Matin,22
Michal,22
Mihkel,22
Muscab,22
Nadir,22
Naim,22
Nikodemus,22
Nuka,22
Olli-Juhani,22
Robbie,22
Samson,22
Savva,22
Sergio,22
Serkan,22
Sharif,22
Shawn,22
Terje,22
Tiko,22
Tommie,22
Upi,22
Veli-Ville,22
Vesa-Petri,22
Weikka,22
Wilson,22
Abderrahmane,21
Abdihakim,21
Abdulaziz,21
Adan,21
Adi,21
Adriano,21
Agim,21
Aku-Matti,21
Aldin,21
Antonios,21
Antreas,21
Arben,21
Art,21
Aso,21
Astor,21
Bengt-Erik,21
Bruuno,21
Cai,21
Constantin,21
Dany,21
Dilan,21
Dominick,21
Ebrahim,21
Emad,21
Emiel,21
Emile,21
Georges,21
Hardy,21
Hemi,21
Henkka,21
Jalle,21
Jan-Krister,21
Joni-Petri,21
Jontte,21
Juhopekka,21
Karl-Oskar,21
Kilian,21
Kurt-Erik,21
Lowe,21
Masoud,21
Meo,21
Mete,21
Muaad,21
Muhamad,21
Natan,21
Natanael,21
Nikolaus,21
Niro,21
Nour,21
Nuur,21
Ossi-Pekka,21
Ousman,21
Pirkka-Pekka,21
Poju,21
Rebwar,21
Reni,21
Riad,21
Ringo,21
Roobert,21
Safet,21
Salem,21
Sami-Jussi,21
Sandor,21
Shayan,21
Soran,21
Thommy,21
Timoteus,21
Veli-Petri,21
Wiktor,21
Yaasir,21
Yann,21
Yasser,21
Yki,21
Abdikarim,20
Alexandru,20
Amadou,20
Amit,20
Amjad,20
Anttijussi,20
Atilla,20
Axl,20
Bayram,20
Besim,20
Bruce,20
Burak,20
Carl-Christian,20
Demian,20
Didrik,20
Dorian,20
Eeropekka,20
Erick,20
Gunder,20
Haakon,20
Hai,20
Hannu-Heikki,20
Ilkka-Kristian,20
István,20
Iurii,20
Jaanus,20
Jafar,20
Jami-Petteri,20
Jarl-Erik,20
Jiska,20
Joan,20
Juko,20
Kaan,20
Kalle-Antti,20
Kalle-Oskari,20
Karl-Olof,20
Kerem,20
Kuuno,20
Leni,20
Lias,20
Makar,20
Maks,20
Manh,20
Marios,20
Mart,20
Matti-Jussi,20
Matti-Petteri,20
Micky,20
Miika-Matias,20
Mikel,20
Munasar,20
Mustaf,20
Olaf,20
Ollimatti,20
Olli-Mikko,20
Petrik,20
Raikko,20
Rain,20
Raman,20
Rex,20
Riccardo,20
Rida,20
Ropi,20
Sami-Ville,20
Sharmarke,20
Sverre,20
Tarkko,20
Timo-Matti,20
Urban,20
Veli-Martti,20
Vellu,20
Velmu,20
Vesa-Ville,20
Yacine,20
Zoltán,20
Abdiasis,19
Abdikadir,19
Aivar,19
Akira,19
Anselm,19
Artto,19
Bilaal,19
Bülent,19
Carl-Olof,19
Cody,19
Dinh,19
Eden,19
Elwin,19
Emrah,19
Farah,19
Faris,19
Faton,19
Gaius,19
Gennady,19
Gökhan,19
Hari,19
Heinz,19
Henric,19
Ilhan,19
Ilmar,19
Immanuel,19
Indrek,19
Isa,19
Jakov,19
Jan-Christer,19
Jan-Michael,19
Jeff,19
Jere-Matti,19
Jesse-Petteri,19
Jibril,19
Jockum,19
Juho-Oskari,19
Jukka-Petri,19
Kamran,19
Karl-Gustaf,19
Kawa,19
Kristopher,19
Lari-Matti,19
Lars-Åke,19
László,19
Leart,19
Maahir,19
Maximillian,19
Mihhail,19
Mihka,19
Mikko-Juhani,19
Noar,19
Panu-Petteri,19
Pawel,19
Pehr-Erik,19
Per-Johan,19
Per-Åke,19
Piotr,19
Rocco,19
Rocky,19
Rodion,19
Samer,19
Sami-Jukka,19
Sirwan,19
Tao,19
Thai,19
Tommaso,19
Trevor,19
Ville-Kalle,19
Wael,19
Waleed,19
Wei,19
Yaroslav,19
Ahvo,18
Anis,18
Antti-Jaakko,18
Ares,18
Ari-Mikko,18
Arkan,18
Artan,18
Artemi,18
Besart,18
Brage,18
Caro,18
Cem,18
Cevin,18
Crister,18
Eddi,18
Ellis,18
Enrique,18
Esapekka,18
Esa-Petteri,18
Esra,18
Fedja,18
Feeliks,18
Félix,18
Filippo,18
Geoffrey,18
Heikki-Juhani,18
Hendry,18
Ilir,18
Ilyaas,18
Iman,18
Jaakko-Juhani,18
Jalal,18
João,18
Jonnie,18
Joona-Petteri,18
Jusef,18
Juuso-Pekka,18
Lewis,18
Malcolm,18
Marko-Tapani,18
Mehran,18
Mesut,18
Momodou,18
Morten,18
Mubashir,18
Nils-Johan,18
Olli-Ville,18
Onni-Matti,18
Renni,18
Reuben,18
Rinor,18
Sabah,18
Samuele,18
Seelim,18
Sem,18
Serdar,18
Serge,18
Sherif,18
Thiago,18
Timitri,18
Toby,18
Veli-Veikko,18
Velmeri,18
Vesamatti,18
Vide,18
Vili-Veikka,18
Vitaliy,18
Yonatan,18
Yousuf,18
Yuri,18
Zakari,18
Zakarias,18
Zaki,18
Ziad,18
Abdelkader,17
Abdulqadir,17
Adnaan,17
Amiin,17
Amon,17
Andrés,17
Andrus,17
Angel,17
Ansu,17
Antti-Mikael,17
Anuar,17
Aren,17
Arhi,17
Arseny,17
Arton,17
Atri,17
Avni,17
Basil,17
Brendan,17
Carl-Mikael,17
Castor,17
Cemal,17
Christophe,17
Davi,17
Diyar,17
Ebrima,17
Edmund,17
Eemel,17
Eldar,17
Elijas,17
Enso,17
Erwin,17
Farzad,17
Ferdinand,17
Firat,17
Franco,17
Fredrick,17
Hamze,17
Harold,17
Ilkka-Pekka,17
Ioan,17
Israel,17
Jan-Åke,17
Jaromir,17
Jere-Matias,17
Juha-Jaakko,17
Juho-Mikko,17
Kai-Pekka,17
Kai-Petteri,17
Kareem,17
Kari-Jukka,17
Kari-Jussi,17
Khaalid,17
Kåre,17
Lorik,17
Mahmud,17
Mansur,17
Markku-Pekka,17
Matte,17
Mirza,17
Muhannad,17
Mukhtar,17
Nabeel,17
Niko-Petri,17
Nova,17
Oku,17
Onni-Kalle,17
Oska,17
Per-Eric,17
Raed,17
Ram,17
Rami-Pekka,17
Reimo,17
Rodney,17
Roihu,17
Sakaria,17
Senad,17
Stuart,17
Tamás,17
Tauri,17
Teemu-Pekka,17
Teemu-Petteri,17
Thore,17
Tiago,17
Tiera,17
Timjami,17
Tommi-Petteri,17
Toni-Markus,17
Travis,17
Tri,17
Tyson,17
Ugur,17
Ulrik,17
Ville-Aleksi,17
Ville-Hermanni,17
Ville-Jussi,17
Vyacheslav,17
Wilhelmi,17
Wisam,17
Wolf,17
Xander,17
Abas,16
Abdullaahi,16
Adrien,16
Akam,16
Akil,16
Akim,16
Aleksej,16
Alpertti,16
Anttipekka,16
Ari-Veikko,16
Ari-Ville,16
Armando,16
Arsenii,16
Ashraf,16
Ata,16
Ati,16
Ayad,16
Babak,16
Beni,16
Björn-Olof,16
Casmir,16
Cengiz,16
Daud,16
Derrick,16
Edmond,16
Ekke,16
Ensti,16
Erdal,16
Erkka-Pekka,16
Evangelos,16
Fadil,16
Finley,16
Gabriele,16
Ghulam,16
Hani,16
Heinrich,16
Hiwa,16
Huy,16
Iska,16
Jari-Heikki,16
Jarkko-Pekka,16
Jesse-Joonas,16
Jesse-Pekka,16
Jeton,16
Jico,16
Jonte,16
Juho-Kusti,16
Juho-Tuomas,16
Ka,16
Kaarne,16
Kaj-Mikael,16
Kalle-Eemeli,16
Kalle-Ville,16
Kami,16
Kari-Petteri,16
Lahja,16
Leif-Erik,16
Lennox,16
Lio,16
Lior,16
Loui,16
Marat,16
Marno,16
Mateus,16
Matt,16
Mauricio,16
Maxi,16
Mickey,16
Miiku,16
Mikko-Oskari,16
Miro-Matias,16
Morad,16
Mourad,16
Muslim,16
Nali,16
Nasser,16
Nazar,16
Nhat,16
Nipa,16
Noé,16
Norman,16
Pami,16
Péter,16
Ramadan,16
Roan,16
Roki,16
Rory,16
Ross,16
Samu-Ville,16
Semir,16
Shane,16
Siim,16
Sina,16
Tahir,16
Tran,16
Uwe,16
Vedat,16
Veija,16
Veino,16
Veli-Hannu,16
Veli-Valtteri,16
Ville-Vesa,16
Vilpas,16
Volmari,16
Väiski,16
Wolfgang,16
Yakup,16
Zack,16
Zion,16
Aapro,15
Abdishakur,15
Abdulaahi,15
Adar,15
Aku-Ville,15
Aman,15
Anatolii,15
Antonis,15
Arbnor,15
Aris,15
Arlind,15
Arn,15
Áron,15
Arsenij,15
Arto-Pekka,15
Augustin,15
Ayhan,15
Bajram,15
Bakhtiar,15
Bassam,15
Benedict,15
Blerim,15
Bore,15
Carsten,15
Cian,15
Cole,15
Cooper,15
Craig,15
Danel,15
Deni,15
Dima,15
Eeno,15
Eino-Pekka,15
Erkki-Mikael,15
Feodor,15
Fitim,15
Guillermo,15
Hamzah,15
Haron,15
Heikki-Matti,15
Huima,15
Husam,15
Issa,15
Jaden,15
Janis,15
Jan-Magnus,15
Jan-Patrik,15
Jari-Antti,15
Jesus,15
Jimmi,15
Jocke,15
Jude,15
Juho-Kalle,15
Kaiho,15
Kale,15
Kalle-Juhani,15
Karol,15
Kie,15
Kieran,15
Kingsley,15
Kjell-Erik,15
Klas-Erik,15
Latif,15
Lex,15
Luucas,15
Lyly,15
Mahmut,15
Make,15
Mamadou,15
Marian,15
Mika-Juhani,15
Mirsad,15
Moussa,15
Munir,15
Murtada,15
Nabiil,15
Nael,15
Najib,15
Nikos,15
Nils-Göran,15
Nils-Olof,15
Nizar,15
Noël,15
Noor,15
Onni-Eemeli,15
Paul-Henrik,15
Petu,15
Rafik,15
Randy,15
Raphaël,15
Reine,15
Rion,15
Sabir,15
Salvatore,15
Sami-Antti,15
Santino,15
Semih,15
Simi,15
Soheil,15
Stavros,15
Sulaiman,15
Suleyman,15
Sunny,15
Taoufik,15
Tatu-Matti,15
Tempo,15
Timka,15
Timo-Petteri,15
Timo-Tapio,15
Toni-Matti,15
Toni-Petri,15
Ulf-Erik,15
Valfrid,15
Vanja,15
Viimo,15
Villematti,15
Ville-Pertti,15
Vilmeri,15
Vladyslav,15
Vänni,15
Wai,15
Weikko,15
Wihtori,15
Yahia,15
Yaqub,15
Zeb,15
Abderrahim,14
Abdisalam,14
Abdukadir,14
Akif,14
Alari,14
Aleksey,14
Alexandro,14
Alfonso,14
Ameer,14
Amel,14
Amr,14
Andrii,14
Anil,14
Antti-Jukka,14
Arham,14
Arun,14
Arwid,14
Aws,14
Axu,14
Bahman,14
Barry,14
Bedri,14
Behzad,14
Béla,14
Bernd,14
Blake,14
Camilo,14
Cao,14
Carl-Fredrik,14
Cary,14
Deon,14
Dmitriy,14
Eliam,14
Elio,14
Emel,14
Emiliano,14
Ewert,14
Eyal,14
Fikret,14
Finlay,14
Gael,14
Geir,14
Hans-Olof,14
Heimer,14
Hemming,14
Idiris,14
Ihsan,14
Iiro-Pekka,14
Ilan,14
Iljas,14
Innocent,14
Ion,14
Isaiah,14
Islam,14
Jad,14
Jani-Mikael,14
Jarek,14
Jari-Markus,14
Jasmin,14
Jeriko,14
Jerkka,14
Juho-Eemil,14
Juusa,14
Jörg,14
Kai-Eerik,14
Karl-Magnus,14
Karzan,14
Laith,14
Lare,14
León,14
Lorentz,14
Luuka,14
Mansour,14
Marko-Juhani,14
Masuud,14
Matti-Mikael,14
Mentor,14
Miika-Markus,14
Mischa,14
Modou,14
Morteza,14
Navid,14
Nicola,14
Nico-Petteri,14
Oktay,14
Ollie,14
Onni-Matias,14
Orion,14
Ossi-Petteri,14
Otto-Oskari,14
Panagiotis,14
Per-Anders,14
Per-Håkan,14
Piko,14
Platon,14
Rahman,14
Rahul,14
Rai,14
Rasul,14
Repe,14
Rieti,14
Rostislav,14
Sadiq,14
Safwan,14
Saku-Matti,14
Salam,14
Sergiy,14
Shaho,14
Shahram,14
Shaun,14
Solmu,14
Sverker,14
Syksy,14
Tam,14
Tane,14
Tanel,14
Taru,14
Thorolf,14
Till,14
Timo-Jukka,14
Todd,14
Tomer,14
Uoti,14
Usama,14
Utu,14
Uuras,14
Valerii,14
Valeriy,14
Vasilij,14
Veli-Pentti,14
Vili-Verneri,14
Villeveikko,14
Volkan,14
Volodymyr,14
Wesley,14
Yaser,14
Ümit,14
Zoran,14
Aadolf,13
Abd,13
Abdillahi,13
Agron,13
Aki-Jussi,13
Akke,13
Alf-Erik,13
Alieu,13
Alon,13
Antti-Mikko,13
Araz,13
Arber,13
Arkadi,13
Arsalan,13
Arturo,13
Asaad,13
Asher,13
Auku,13
Barham,13
Bashiir,13
Bashkim,13
Behar,13
Bekir,13
Benja,13
Carl-Göran,13
Clas-Göran,13
Cristiano,13
Csaba,13
Daan,13
Dan-Anders,13
Denys,13
Desmond,13
Dome,13
Edis,13
Edon,13
Eelon,13
Ele,13
Emrik,13
Endrit,13
Enok,13
Ercan,13
Erich,13
Erion,13
Erkki-Jussi,13
Erkki-Pekka,13
Esaias,13
Esu,13
Fahim,13
Fehmi,13
Franklin,13
Gavin,13
Ghassan,13
Grels,13
Haitham,13
Hamdi,13
Hansi,13
Hardi,13
Haroun,13
Haydar,13
Hung,13
Ibraahim,13
Ikenna,13
Immu,13
Ingolf,13
Ingvald,13
Ishak,13
Isse,13
Jaafar,13
Jahn,13
Jan-Sebastian,13
Jaripekka,13
Jayson,13
Joah,13
Joao,13
Joël,13
Joni-Mikael,13
Jousia,13
Jovan,13
Juha-Veli,13
Jukka-Tapani,13
Junior,13
Kastriot,13
Kert,13
Khac,13
Klim,13
Kosma,13
Krishna,13
Kristen,13
Kushtrim,13
Lars-Peter,13
Lennie,13
Lennon,13
Leroy,13
Loris,13
Lulzim,13
Maksym,13
Mano,13
Margo,13
Markku-Juhani,13
Mickael,13
Miclas,13
Mika-Markus,13
Mishka,13
Mojtaba,13
Muharrem,13
Musse,13
Neeo,13
Nietos,13
Noe,13
Noeli,13
Norbert,13
Otto-Emil,13
Panu-Pekka,13
Pavlos,13
Penja,13
Penjami,13
Pette,13
Phillip,13
Phoenix,13
Pohto,13
Raiko,13
Raimond,13
Rajan,13
Ramesh,13
Reittu,13
Ronaldo,13
Ruska,13
Ruudolf,13
Sabri,13
Saeid,13
Saki,13
Sameer,13
Sascha,13
Seif,13
Sheikh,13
Sid,13
Sigfrid,13
Simo-Petteri,13
Sinuhe,13
Sofiane,13
Suhaib,13
Suheyb,13
Sultan,13
Süleyman,13
Taher,13
Talal,13
Tamer,13
Taras,13
Terence,13
Tero-Petteri,13
Thorsten,13
Thorvald,13
Timo-Jussi,13
Toive,13
Tommo,13
Toni-Mikael,13
Topi-Matti,13
Veeli,13
Veli-Tapio,13
Vesa-Veikko,13
Ville-Tapio,13
Ville-Tuomas,13
Vinha,13
Virmo,13
Wasim,13
Wenni,13
Yaxye,13
Yazan,13
Yilmaz,13
Youcef,13
Yu,13
Yuriy,13
Yusef,13
Zein,13
Zubair,13
Özgür,13
Aato,12
Aavo,12
Abdellatif,12
Abdulkarim,12
Adis,12
Aki-Petri,12
Al,12
Aleksandros,12
Alfie,12
Alfredo,12
Alp,12
Altin,12
Andrzej,12
Anik,12
Antti-Einari,12
Antti-Tapio,12
Arion,12
Armand,12
Armi,12
Arri,12
Arsen,12
Arsim,12
Asto,12
Atos,12
Ayaan,12
Badr,12
Bahram,12
Cajus,12
Cecil,12
Cesar,12
Claude,12
Collin,12
Conor,12
Damon,12
Darian,12
Daris,12
Deniel,12
Dominique,12
Doni,12
Ebenezer,12
Edison,12
Edris,12
Eelia,12
Eelo,12
Eetu-Matti,12
Eetu-Ville,12
Eetvi,12
Eino-Juhani,12
Eliott,12
Esa-Jussi,12
Esteban,12
Eugene,12
Fatos,12
Ferenc,12
Fidan,12
Fionn,12
Florent,12
Fredi,12
Fride,12
Gani,12
Ghazi,12
Gordon,12
Granit,12
Han,12
Hans-Göran,12
Hawkar,12
Hayden,12
Hedi,12
Heiki,12
Heikki-Tapio,12
Henri-Mikael,12
Hunter,12
Iko,12
Jaapo,12
Jann,12
Janne-Markus,12
Jannik,12
Jannis,12
Jari-Jussi,12
Jari-Mikko,12
Jari-Tapio,12
Jasim,12
Jasir,12
Jauri,12
Jelmeri,12
Jimy,12
Jino,12
Joannis,12
Joni-Juhani,12
Jonttu,12
Joona-Pekka,12
Joonathan,12
Joonia,12
Josse,12
Juha-Markku,12
Jussi-Heikki,12
Jussi-Mikko,12
Kai-Juhani,12
Kaijus,12
Kajus,12
Kaleb,12
Kalle-Valtteri,12
Kalle-Veikko,12
Karipekka,12
Karl-Anton,12
Kaveh,12
Kelpo,12
Kille,12
Kiri,12
Klas-Göran,12
Kristof,12
Lars-Ole,12
Lassi-Matti,12
Laurent,12
Leandro,12
Leith,12
Lloyd,12
Marcello,12
Marko-Mikael,12
Marko-Pekka,12
Marwaan,12
Mascuud,12
Mats-Erik,12
Matthieu,12
Mattia,12
Matti-Esko,12
Matts-Erik,12
Maurice,12
Mihku,12
Miihkali,12
Mitjo,12
Moustafa,12
Mykola,12
Nguyen,12
Nic,12
Nihat,12
Obinna,12
Okan,12
Olli-Oskari,12
Onni-Elmeri,12
Othman,12
Patu,12
Pavlo,12
Petar,12
Phi,12
Phuoc,12
Raafael,12
Raivo,12
Ramiar,12
Ramiz,12
Ransu,12
Rikumatti,12
Roshan,12
Rui,12
Rupert,12
Sadik,12
Samo,12
Sándor,12
Sead,12
Sipan,12
Sohrab,12
Sony,12
Steffen,12
Tate,12
Thorbjörn,12
Timo-Tapani,12
Toni-Kristian,12
Toni-Tapio,12
Tonny,12
Udo,12
Vahid,12
Veli-Kalle,12
Veli-Tapani,12
Venneri,12
Vesa-Tapio,12
Vicente,12
Ville-Sakari,12
Visa-Pekka,12
Walton,12
Wiliam,12
Yacquub,12
Yoav,12
Yoel,12
Zakarie,12
Abdelkarim,11
Abdiwahab,11
Abdiwali,11
Abdiweli,11
Abdoulaye,11
Abdoulie,11
Agon,11
Ajmal,11
Amro,11
Anthonio,11
Antti-Matias,11
Apollo,11
Ardit,11
Ario,11
Ashkan,11
Assar,11
Asse,11
Awil,11
Axeli,11
Azhar,11
Bashar,11
Bengt-Olof,11
Bennet,11
Berk,11
Binh,11
Bjørn,11
Casey,11
Dániel,11
Dara,11
Dastan,11
Davud,11
Davy,11
Deniss,11
Dewin,11
Dimi,11
Dimitar,11
Drilon,11
Driton,11
Eemin,11
Ekrem,11
Elvar,11
Emmet,11
Erasmus,11
Esa-Petri,11
Ezekiel,11
Fares,11
Fathi,11
Feelix,11
Flynn,11
Gerard,11
Gian,11
Gianluca,11
Gregor,11
Guennadi,11
Haci,11
Halid,11
Halit,11
Hao,11
Horst,11
Ila,11
Jaakko-Matti,11
Jamshid,11
Janko,11
Jan-Martin,11
Janno,11
Jan-Roger,11
Jari-Veikko,11
Jarkko-Juhani,11
Jesse-Juhani,11
Jon-Erik,11
Joni-Kristian,11
Joopi,11
Joosia,11
Jori-Matti,11
Josias,11
Jouni-Matti,11
Juha-Erkki,11
Juha-Pertti,11
Juho-Erik,11
Juhomatti,11
Jupiter,11
Jussi-Joonas,11
Jyri-Petri,11
Kai-Petri,11
Kaj-Henrik,11
Kambiz,11
Kardo,11
Karri-Pekka,11
Kebba,11
Kien,11
Kim-Henrik,11
Kim-Johan,11
Krisse,11
Lance,11
Ledion,11
Lemmi,11
Leo-Matti,11
Liekki,11
Liius,11
Liridon,11
Lotfi,11
Luc,11
Lumi,11
Lumo,11
Marcelo,11
Marcin,11
Mariwan,11
Marko-Petteri,11
Mazin,11
Mertzi,11
Mies,11
Mika-Erik,11
Min,11
Miro-Petteri,11
Moise,11
Muhamet,11
Nadeem,11
Nedim,11
Nedzad,11
Nhu,11
Olli-Antti,11
Olov,11
Onni-Ilmari,11
Orlando,11
Oscari,11
Otis,11
Pascal,11
Pedram,11
Pelle,11
Per-Göran,11
Phuc,11
Pjotr,11
Puro,11
Pär-Erik,11
Rafi,11
Raikas,11
Rando,11
Ravi,11
Rei,11
Rejan,11
Remzi,11
Renas,11
Renato,11
Ridwaan,11
Roel,11
Roope-Oskari,11
Rymy,11
Safin,11
Sahand,11
Sahin,11
Sai,11
Sajad,11
Samiir,11
Sami-Kristian,11
Sanjay,11
Sedat,11
Semmi,11
Serafim,11
Seve,11
Shadi,11
Shahid,11
Shuaib,11
Shwan,11
Skender,11
Sohail,11
Spencer,11
Sten-Olof,11
Sunday,11
Sunil,11
Suraj,11
Sylvain,11
Taave,11
Tareq,11
Teim,11
Teri,11
Tero-Tapio,11
Thord,11
Tijan,11
Timo-Heikki,11
Truong,11
Usman,11
Valdo,11
Vassili,11
Veeni,11
Veli-Erkki,11
Veli-Jaakko,11
Veniamin,11
Vesa-Antti,11
Vexi,11
Ville-Mikael,11
Villepekka,11
Ville-Tapani,11
Ville-Veli,11
Vilperi,11
Visa-Matti,11
Visar,11
Volmar,11
Vsevolod,11
Waldo,11
Walto,11
Wilbert,11
Wilfred,11
Will,11
Wojciech,11
Ykä,11
Younis,11
Zafer,11
Zsolt,11
Aapo-Matti,10
Aarav,10
Aaret,10
Abdelghani,10
Abdelhamid,10
Abdelrahman,10
Abdihamid,10
Abdikani,10
Abdisamad,10
Abdulhakim,10
Adham,10
Aditya,10
Adrián,10
Adriel,10
Afshin,10
Ajdin,10
Alwar,10
Amaar,10
Angus,10
Antti-Olli,10
Ari-Juha,10
Arjan,10
Arslan,10
Arte,10
Arttu-Eemeli,10
Arttu-Oskari,10
Ashish,10
Ashton,10
Astrit,10
Atik,10
Atte-Oskari,10
Augusti,10
Augustine,10
Aurel,10
Auri,10
Auro,10
Avi,10
Ayden,10
Batu,10
Behnam,10
Belal,10
Bobby,10
Bojan,10
Bradley,10
Buster,10
Carson,10
Cemil,10
Collins,10
Dai,10
Dariush,10
Dawud,10
Diako,10
Didier,10
Dimitris,10
Dirk,10
Duncan,10
Eemos,10
Eero-Veikko,10
Ege,10
Eh,10
Elmar,10
Elmi,10
Elmin,10
Emeka,10
Emmanuil,10
Engin,10
Erdi,10
Erhan,10
Erko,10
Erling,10
Eron,10
Esamatti,10
Eymen,10
Fardin,10
Fisnik,10
Florim,10
Friedrich,10
Gazmend,10
Gheorghe,10
Giacomo,10
Gil,10
Giulio,10
Gottfrid,10
Grigorii,10
Grim,10
Hamish,10
Hans-Christian,10
Hans-Henrik,10
Hany,10
Harro,10
Heljo,10
Hemminki,10
Henri-Matias,10
Hristo,10
Ihab,10
Ilai,10
Ilija,10
Illi,10
Inge,10
Iyad,10
Jaber,10
Jace,10
Jan-Emil,10
Jan-Gustav,10
Jan-Håkan,10
Jani-Jukka,10
Jani-Kristian,10
Jari-Juha,10
Jarimatti,10
Jasmo,10
Javad,10
Jehki,10
Jian,10
Joackim,10
Johan-Erik,10
John-Eric,10
Jonne-Pekka,10
Joona-Matias,10
Jori-Petteri,10
Josu,10
Juha-Mikael,10
Juho-Aleksi,10
Junno,10
Jusse,10
Jussi-Tuomas,10
Jussi-Ville,10
Jyrki-Pekka,10
Kais,10
Kaito,10
Kaj-Johan,10
Kalid,10
Kalle-Markus,10
Kamu,10
Karar,10
Kari-Veikko,10
Karl-Anders,10
Kiran,10
Krish,10
Krzysztof,10
Kwok,10
Lajos,10
Lari-Petteri,10
Lauri-Juhani,10
Lian,10
Loimu,10
Luiz,10
Majed,10
Malick,10
Manoj,10
Mara,10
Marcell,10
Mardin,10
Masood,10
Matti-Tapio,10
Maximiliam,10
Mazen,10
Melik,10
Merlin,10
Merri,10
Mickel,10
Mihai,10
Miika-Matti,10
Miikka-Matias,10
Mika-Tapio,10
Mikko-Jussi,10
Mirwais,10
Miska-Matias,10
Mohanad,10
Mokhtar,10
Mose,10
Mounir,10
Muamer,10
Mubarik,10
Mucaad,10
Naatan,10
Nadim,10
Nam,10
Nassim,10
Nataniel,10
Nickolas,10
Nicolae,10
Niko-Markus,10
Niko-Ville,10
Nio,10
Nooke,10
Nuh,10
Nuuk,10
Okke,10
Oliveri,10
Otto-Eemeli,10
Outi,10
Ozan,10
Pa,10
Pehr-Olof,10
Petri-Juhani,10
Qasim,10
Rama,10
Rebaz,10
Recep,10
Reemus,10
Rémi,10
Renat,10
Reo,10
Ridvan,10
Riho,10
Riley,10
Rodin,10
Roopert,10
Ryszard,10
Saber,10
Sajjad,10
Samet,10
Samueli,10
San,10
Santtu-Pekka,10
Sardar,10
Sarmad,10
Saulus,10
Saveli,10
Saw,10
Seán,10
Sere,10
Sergej,10
Set,10
Siavash,10
Sidar,10
Simo-Heikki,10
Sindre,10
Sohaib,10
Stellan,10
Stian,10
Suman,10
Sven-Eric,10
Taim,10
Talha,10
Tamim,10
Tapsa,10
Tedi,10
Tomi-Matti,10
Tommi-Pekka,10
Topi-Pekka,10
Torkel,10
Tudor,10
Tung,10
Turjo,10
Tyrsky,10
Ukkopekka,10
Umberto,10
Vallu,10
Veiko,10
Veli-Tuomas,10
Verni,10
Vesa-Mikko,10
Vesa-Valtteri,10
Vikko,10
Vilbert,10
Ville-Martti,10
Warren,10
Wellu,10
Wen,10
Widar,10
Yacqub,10
Yassir,10
Yavuz,10
Yigit,10
Youness,10
Yrjänä,10
Yussuf,10
Zander,10
Zeki,10
Zubeyr,10
Zuhair,10
Örjan,10
Abaas,9
Abdelkrim,9
Abdirisaaq,9
Abedin,9
Admir,9
Akilles,9
Alexej,9
Alexios,9
Alexsander,9
Alpha,9
Amor,9
An,9
Andri,9
Anes,9
Anse,9
Anssi-Petteri,9
Antti-Ilari,9
Antti-Olavi,9
Ari-Antti,9
Ari-Tapani,9
Ari-Tapio,9
Ari-Veli,9
Armaan,9
Arnaud,9
Atte-Pekka,9
Ayan,9
Ayaz,9
Ayrton,9
Baboucarr,9
Balázs,9
Bao,9
Benno,9
Bile,9
Blendi,9
Bo-Gustav,9
Brett,9
Callum,9
Caner,9
Carl-Anders,9
Carl-Michael,9
Casperi,9
Cassius,9
Chia,9
Christo,9
Cihan,9
Claës,9
Cyril,9
Dang,9
Danyal,9
Dardan,9
Davood,9
Declan,9
Deepak,9
Dejan,9
Denny,9
Devran,9
Dogan,9
Ed,9
Efosa,9
Ehab,9
Eino-Veikko,9
Elie,9
Elisei,9
Elmedin,9
Eloi,9
Emerson,9
Emilian,9
Emmanouil,9
Erdem,9
Erjon,9
Erki,9
Esam,9
Esat,9
Esa-Tapio,9
Esa-Ville,9
Essa,9
Etienne,9
Eyman,9
Ezel,9
Fahri,9
Fenix,9
Fiilus,9
Filemon,9
Filiph,9
Fjodor,9
Frédéric,9
Fridolf,9
Fynn,9
Gábor,9
Ghaith,9
Gonzalo,9
Grant,9
Guy-Erik,9
Haaruun,9
Hakon,9
Hamidullah,9
Hamit,9
Hanne,9
Hannu-Tapio,9
Harley,9
Harras,9
Harvey,9
Hassen,9
Haval,9
Heikka,9
Heikki-Jussi,9
Helmut,9
Hemen,9
Hemn,9
Hunar,9
Huner,9
Iisai,9
Ike,9
Iker,9
Iku,9
Ile,9
Ilian,9
Iro,9
Jaakko-Petteri,9
Jaarli,9
Jafet,9
Jallu,9
Jame,9
Jamo,9
Jani-Juhani,9
Jani-Tapani,9
Janne-Mikael,9
Janne-Veikko,9
János,9
Jari-Ville,9
Jarno-Petteri,9
Jaroel,9
Jassu,9
Jawad,9
Jean-Paul,9
Jere-Juhani,9
Jeremie,9
Jermo,9
Jerzy,9
Jesaja,9
Jesse-Matias,9
Jhonny,9
Jihad,9
Joaquin,9
Jochen,9
Jofiel,9
Johnson,9
Jolle,9
Jones,9
Jorgos,9
Joutsi,9
Juha-Martti,9
Juha-Tapani,9
Juha-Tuomas,9
Juho-Eemeli,9
Jussimatti,9
Juuso-Matias,9
Kaimo,9
Kaj-Gustav,9
Kalev,9
Karan,9
Kari-Antti,9
Kari-Markus,9
Karimatti,9
Karl-Axel,9
Karl-Gunnar,9
Karl-Mikael,9
Kayden,9
Keanu,9
Kim-Kristian,9
Kimmo-Petteri,9
Kimo,9
Kim-Peter,9
Klaus-Erik,9
Knuutti,9
Kofi,9
Kwame,9
Labinot,9
Lahoucine,9
Lamine,9
Lars-Ove,9
Lasse-Matti,9
Lauri-Kalle,9
Lei,9
Leone,9
Leonhard,9
Leslie,9
Levente,9
Lucian,9
Luciano,9
Lucius,9
Luigi,9
Luqmaan,9
Mac,9
Master,9
Mathieu,9
Matjus,9
Mats-Johan,9
Matti-Oskari,9
Matti-Veikko,9
Maunus,9
MD.,9
Miica,9
Mika-Antti,9
Mika-Tapani,9
Mikhael,9
Mikk,9
Mikka,9
Mikko-Samuli,9
Mikko-Tapio,9
Miko-Matias,9
Miksu,9
Miljo,9
Milon,9
Mirac,9
Mortaza,9
Muniir,9
Nenad,9
Nermin,9
Nero,9
Nesta,9
Nexhat,9
Nhut,9
Nihad,9
Niikka,9
Niikko,9
Niko-Joonas,9
Oleksi,9
Oleksiy,9
Olli-Eemeli,9
Olli-Jukka,9
Olli-Kalle,9
Olli-Tapio,9
Omran,9
Oswald,9
Otto-Petteri,9
Otto-Wille,9
Owe,9
Parviz,9
Pasi-Petri,9
Pau,9
Pauli-Petteri,9
Peetro,9
Petri-Mikael,9
Petrit,9
Phuong,9
Preston,9
Priit,9
Puja,9
Quinn,9
Quy,9
Rae,9
Raid,9
Raido,9
Ramil,9
Ramy,9
Ran,9
Ranjit,9
Rasim,9
Rauf,9
Rayen,9
Reinhold,9
Reto,9
Ricu,9
Roald,9
Rollo,9
Roni-Petteri,9
Sahil,9
Sakarie,9
Samatar,9
Samba,9
Sami-Seppo,9
Samu-Matias,9
Santi,9
Saulo,9
Selahattin,9
Shahzad,9
Sigvald,9
Silvio,9
Simo-Matti,9
Simone,9
Simo-Santeri,9
Soner,9
Sorjo,9
Stig-Ole,9
Storm,9
Styrbjörn,9
Suheib,9
Svantte,9
Sven-Ole,9
Tatu-Petteri,9
Tayfun,9
Teljo,9
Teoman,9
Tero-Jukka,9
Tex,9
Thobias,9
Tian,9
Tibor,9
Tiger,9
Timon,9
Timo-Veikko,9
Timy,9
Tin,9
Tini,9
Tio,9
Tobia,9
Tom-Henrik,9
Tom-Johan,9
Tom-Peter,9
Tomppa,9
Ton,9
Torleif,9
Tuncay,9
Uchenna,9
Vasileios,9
Vasilios,9
Veli-Seppo,9
Vi,9
Viktori,9
Vilkko,9
Ville-Erik,9
Villemarkus,9
Vilmo,9
Vincenzo,9
Walde,9
Wali,9
Wayne,9
Wilgot,9
Wing,9
Xhevdet,9
Yll,9
Ylli,9
Yusif,9
Zachris,9
Zackarias,9
Zakhar,9
Zane,9
Ziyad,9
Zoltan,9
Aadel,8
Aadi,8
Aatu-Eemeli,8
Aayan,8
Abdelmalek,8
Abderrahman,8
Abdihakin,8
Abdikariim,8
Abdikarin,8
Abdimaalik,8
Abdou,8
Abdulfatah,8
Abdulmalik,8
Ade,8
Aki-Ville,8
Aland,8
Ales,8
Allen,8
Amani,8
Amiel,8
Anatolij,8
Anel,8
Angelos,8
Anouar,8
Ánte,8
Anttijuhani,8
Antti-Sakari,8
Apostolos,8
Arafat,8
Arbër,8
Archie,8
Aref,8
Aria,8
Arimatti,8
Arnav,8
Arttu-Matti,8
Asaf,8
Atakan,8
Athanasios,8
Augusto,8
Awat,8
Aymen,8
Azizullah,8
Bahri,8
Bailey,8
Bakary,8
Bart,8
Basri,8
Ben-Erik,8
Berkan,8
Bo-Anders,8
Bo-Gunnar,8
Boy,8
Brayan,8
Carl-Anton,8
Carl-Emil,8
Carl-Victor,8
Carl-Wilhelm,8
Carol,8
Celal,8
César,8
Chan,8
Chau,8
Cornelis,8
Cyrus,8
Daniar,8
Dawit,8
Deng,8
Denzel,8
Didar,8
Dijar,8
Domenico,8
Durim,8
Edouard,8
Eewert,8
Eijo,8
Eitan,8
Eka,8
Ekko,8
Eldin,8
Ergin,8
Eris,8
Erkki-Juhani,8
Ermin,8
Ersin,8
Esa-Heikki,8
Esmail,8
Etvi,8
Faik,8
Falah,8
Farouk,8
Farshad,8
Fazel,8
Fevzi,8
Flamur,8
Flavio,8
Franck,8
Gaurav,8
Gay,8
Gezim,8
Gino,8
Haarun,8
Hakki,8
Hannu-Petteri,8
Hanssi,8
Harri-Matti,8
Hashem,8
Hayrettin,8
Henri-Petteri,8
Henryk,8
Hesham,8
Hoai,8
Htoo,8
Hussam,8
Iakov,8
Idan,8
Ignacio,8
Ignat,8
Iiska,8
Ilyes,8
Imer,8
Iosif,8
Isam,8
Izet,8
Jaabir,8
Jael,8
Jakim,8
Jan-Fredrik,8
Janne-Joonas,8
Jan-Ola,8
Jan-Olav,8
Jari-Tapani,8
Jarkka,8
Jarl-Olof,8
Jarmo-Juhani,8
Jemias,8
Jemil,8
Jere-Joonas,8
Jericho,8
Jerico,8
Jermi,8
Jia,8
Johnnie,8
Joonis,8
Juho-Joonas,8
Juho-Kustaa,8
Juho-Veikko,8
Jukka-Antero,8
Jussi-Antti,8
Jussi-Matias,8
Jyri-Jukka,8
Jöran,8
Kaamos,8
Kaarel,8
Kadri,8
Kaj-Gunnar,8
Kaj-Håkan,8
Kaj-Ole,8
Kalle-Heikki,8
Kari-Petri,8
Karl-Kristian,8
Karsten,8
Kasra,8
Kemo,8
Kendrick,8
Kero,8
Kid,8
Kim-Mikael,8
Kimon,8
Knuut,8
Ko,8
Konni,8
Kosar,8
Kuu,8
Köpi,8
Kössi,8
Lahcen,8
Larbi,8
Lars-Christian,8
Lars-Mikael,8
Lenno,8
Levent,8
Levin,8
Loki,8
Long,8
Lorens,8
Lukman,8
Luna,8
Madis,8
Mahesh,8
Majd,8
Malakai,8
Maltti,8
Mani,8
Marino,8
Martino,8
Martti-Mikael,8
Marttin,8
Máté,8
Matej,8
Mateusz,8
Matheus,8
Mattus,8
Matvej,8
Maximilien,8
Mehrdad,8
Micha,8
Micu,8
Mihalis,8
Mihkal,8
Mihkku,8
Miika-Petteri,8
Mikaël,8
Mika-Kristian,8
Mikolas,8
Milco,8
Miliam,8
Mille,8
Milot,8
Miroel,8
Miro-Markus,8
Mixu,8
Mohamed-Amin,8
Monir,8
Mosku,8
Mouhamed,8
Muhanad,8
Mujtaba,8
Murtaza,8
Muse,8
Muzaffer,8
Nahom,8
Najiib,8
Nante,8
Nazmi,8
Nehat,8
Neko,8
Nemanja,8
Nevzat,8
Nidal,8
Niilo-Pekka,8
Niklaus,8
Niko-Kristian,8
Niko-Matias,8
Nils-Eric,8
Nils-Henrik,8
Noak,8
Nyrki,8
Oguz,8
Olli-Markus,8
Olli-Petri,8
Olliver,8
Onnimanni,8
Onni-Petteri,8
Oren,8
Oumar,8
Papu,8
Patryk,8
Pave,8
Pena,8
Perry,8
Petka,8
Peyman,8
Pyry-Matti,8
Raad,8
Radu,8
Raj,8
Rajesh,8
Rasoul,8
Raúl,8
Rawand,8
Ren,8
Reno,8
Rey,8
Rhys,8
Ridha,8
Roby,8
Rolf-Erik,8
Romet,8
Rron,8
Rustam,8
Sabit,8
Saed,8
Saikou,8
Sakariya,8
Saleem,8
Salu,8
Sami-Juhani,8
Sami-Kalle,8
Sami-Markus,8
Samsa,8
Sandeep,8
Sangar,8
Sarno,8
Saro,8
Sasu-Pekka,8
Savas,8
Sayd,8
Seamus,8
Sebastián,8
Sefer,8
Sepe,8
Sergii,8
Sero,8
Seyyed,8
Shahab,8
Sharmake,8
Shukri,8
Sidi,8
Slava,8
Soufiane,8
Stanislaw,8
Sten-Erik,8
Suhayb,8
Sulayman,8
Sumit,8
Sven-Åke,8
Svyatoslav,8
Taku,8
Tammi,8
Taner,8
Taulant,8
Taylor,8
Tero-Tapani,8
Tewodros,8
Thamer,8
Thim,8
Thony,8
Timofej,8
Timo-Tuomas,8
Tomme,8
Tom-Mikael,8
Troi,8
Tyr,8
Tyyko,8
Uku,8
Ulf-Göran,8
Uri,8
Urim,8
Vantte,8
Veele,8
Veton,8
Villehard,8
Ville-Jaakko,8
Vilpo,8
Vilppo,8
Vinnie,8
Vinsent,8
Visa-Valtteri,8
Voldemar,8
Wahid,8
Walentin,8
Waqas,8
Willi,8
Win,8
Wyatt,8
Yasar,8
Yazid,8
Yohannes,8
Yuval,8
Zahir,8
Zayd,8
Zayn,8
Zebastian,8
Zeid,8
Ziggy,8
Aahil,7
Aamir,7
Aaro-Matti,7
Aaroni,7
Aarush,7
Abdelhakim,7
Abdeljalil,7
Abdelmajid,7
Abdigani,7
Abdihakiim,7
Abdilahi,7
Abdinur,7
Abdirashiid,7
Abdisalan,7
Abdisamed,7
Abdulwahid,7
Abrar,7
Adonis,7
Aiham,7
Áilu,7
Ajay,7
Alar,7
Alden,7
Aldur,7
Aleksandre,7
Aliaksandr,7
Amanj,7
Amarjit,7
Amed,7
Anand,7
Anastasios,7
Anian,7
Ansel,7
Ansumana,7
Antonin,7
Antti-Kustaa,7
Antti-Tuomas,7
Ardi,7
Argjend,7
Arhippa,7
Ari-Kalle,7
Arje,7
Arjun,7
Arkko,7
Armen,7
Arpo,7
Arttu-Ville,7
Arvind,7
Asif,7
Asil,7
Atanas,7
Atef,7
Ato,7
Atticus,7
Aurora,7
Aviel,7
Babatunde,7
Bach,7
Basim,7
Batuhan,7
Benn,7
Bent,7
Bernardo,7
Bishal,7
Blend,7
Bleron,7
Boes,7
Bora,7
Botond,7
Bouchaib,7
Burim,7
Carel,7
Cédric,7
Chukwuemeka,7
Chung,7
Claes-Göran,7
Coskun,7
Cumhur,7
Curtis,7
Dane,7
Darko,7
Daryl,7
Davis,7
Davut,7
Deeq,7
Dior,7
Dler,7
Domenic,7
Domi,7
Doron,7
Ebou,7
Edel,7
Edson,7
Eeben,7
Eedvin,7
Eemili,7
Eepu,7
Efim,7
Egert,7
Eicca,7
Ejvind,7
Eko,7
Elai,7
Eman,7
Enno,7
Enoch,7
Erdogan,7
Erik-Mikael,7
Erjo,7
Esad,7
Esa-Jukka,7
Esa-Mikko,7
Esko-Juhani,7
Esko-Matti,7
Essam,7
Even,7
Evgenij,7
Ewald,7
Farhaan,7
Fatlum,7
Ferid,7
Ferit,7
Fuat,7
Gene,7
Gentrit,7
Gerd,7
Gianni,7
Gusten,7
Halmat,7
Hamdan,7
Hannu-Tapani,7
Harding,7
Haroon,7
Hasen,7
Hatem,7
Hazar,7
Hazem,7
Heikki-Mikael,7
Heka,7
Hesse,7
Hilmi,7
Hilpi,7
Hjalte,7
Hugh,7
Iain,7
Iaroslav,7
Iason,7
Ibragim,7
Ifeanyi,7
Iika,7
Iiro-Matti,7
Iise,7
Ilker,7
Ilkka-Christian,7
Ilkka-Tapio,7
Ingo,7
Istvan,7
Jaakkima,7
Jaakko-Ilkka,7
Jacek,7
Jackie,7
Jahangir,7
Jan-Juhani,7
Janne-Kalle,7
Jannu,7
Jan-Otto,7
Jan-Petteri,7
Jan-Robert,7
Jan-Stefan,7
Jarke,7
Jarkko-Petteri,7
Jarne,7
Jarno-Pekka,7
Jaspar,7
Jeehu,7
Jere-Markus,7
Jiri-Pekka,7
Joda,7
Joey,7
Jón,7
Joni-Jussi,7
Jonis,7
Joppe,7
Joris,7
Jouni-Petteri,7
Joy,7
Juha-Matias,7
Juha-Pentti,7
Juho-Erkki,7
Jukka-Sakari,7
Jukka-Veikko,7
Jukka-Veli,7
Jukka-Ville,7
Juli,7
Jusif,7
Jussi-Tapio,7
Kabir,7
Kadar,7
Kael,7
Kaido,7
Kai-Henrik,7
Kain,7
Kaj-Christian,7
Kalle-Matias,7
Kamaran,7
Kamel,7
Kane,7
Kari-Erik,7
Karl-Emil,7
Karl-Göran,7
Kassius,7
Kazi,7
Kenzo,7
Keon,7
Khalif,7
Kjell-Ove,7
Koa,7
Kolja,7
Kosmos,7
Kyrö,7
Laszlo,7
Lauri-Matias,7
Lauri-Petteri,7
Laurus,7
Layth,7
Leevi-Kalle,7
Leewi,7
Leif-Johan,7
Lembit,7
Leo-Petteri,7
Liang,7
Liiam,7
Lo,7
Lore,7
Lucien,7
Lyon,7
Maciej,7
Maco,7
Maël,7
Mahamuud,7
Maikel,7
Maksimus,7
Manolis,7
Mansoor,7
Maslah,7
Mathew,7
Mats-Peter,7
Matti-Eemeli,7
Matti-Veli,7
Maximo,7
Max-Mikael,7
Melih,7
Michalis,7
Mido,7
Migel,7
Mihály,7
Miikka-Markus,7
Miikka-Pekka,7
Miikka-Petteri,7
Miikus,7
Mijo,7
Mika-Matias,7
Mika-Veli,7
Mikkal,7
Mikko-Aleksi,7
Miklo,7
Miko-Matti,7
Miro-Pekka,7
Mitchell,7
Mohamedamiin,7
Mohamed-Amiin,7
Mohan,7
Moris,7
Mousa,7
Muhammet,7
Muktar,7
Muntadar,7
Mursal,7
Mus'ab,7
Muuse,7
Myytti,7
Naava,7
Namo,7
Nana,7
Nate,7
Nazir,7
Nicodemus,7
Nikhil,7
Nikla,7
Niko-Aleksi,7
Niko-Oskari,7
Nir,7
Nirmal,7
Nuuh,7
Oka,7
Okku,7
Olli-Matias,7
Olli-Veikka,7
Olti,7
Orjo,7
Orson,7
Orvar,7
Oski,7
Otto-Elias,7
Oussama,7
Ozzy,7
Paavo-Petteri,7
Pan,7
Paris,7
Pasi-Heikki,7
Patricio,7
Peetter,7
Per-Ola,7
Per-Ove,7
Perparim,7
Phong,7
Putte,7
Qendrim,7
Rabah,7
Raffaele,7
Ragip,7
Raja,7
Rakesh,7
Rami-Petteri,7
Ramyar,7
Rauli-Pekka,7
Rayane,7
Reemi,7
Reinhard,7
Reipas,7
Renee,7
Repo,7
Resul,7
Rezgar,7
Riku-Antti,7
Rizgar,7
Róbert,7
Rodolfo,7
Rohit,7
Roma,7
Roniel,7
Rowan,7
Russell,7
Ruurik,7
Ryder,7
Saban,7
Safa,7
Safaa,7
Safi,7
Sahal,7
Sainey,7
Sajid,7
Sakkeus,7
Sami-Heikki,7
Sami-Mikael,7
Samipekka,7
Samvel,7
Sandy,7
Santtu-Matti,7
Saroj,7
Senol,7
Serko,7
Shah,7
Shakir,7
Shay,7
Shefqet,7
Shorsh,7
Si,7
Simo-Samuli,7
Simo-Veikko,7
Sipri,7
Sky,7
Sol,7
Soren,7
Soroush,7
Steffan,7
Stenka,7
Suat,7
Subhan,7
Suresh,7
Suune,7
Sven-Gustav,7
Sylvesteri,7
Søren,7
Tadeusz,7
Tamir,7
Tare,7
Tarkan,7
Teemu-Tapio,7
Teino,7
Teno,7
Téo,7
Thor-Björn,7
Timo-Petri,7
Timo-Ville,7
Tomi-Juhani,7
Tomi-Jussi,7
Toni-Ville,7
Topi-Petteri,7
Tor-Leif,7
Toto,7
Tuhto,7
Ulf-Peter,7
Vaatu,7
Vadym,7
Valerian,7
Valton,7
Vasilii,7
Veeti-Viljami,7
Veli-Mies,7
Venkata,7
Vesa-Jaakko,7
Vesa-Juhani,7
Vesa-Markus,7
Vesteri,7
Vikki,7
Vili-Eemeli,7
Vili-Matti,7
Vilius,7
Vilkku,7
Ville-Henrik,7
Ville-Pentti,7
Ville-Verneri,7
Villy,7
Vince,7
Vlad,7
Voltti,7
Väinä,7
Wallu,7
Waltti,7
Wiking,7
Willjam,7
Xhavit,7
Yani,7
Ye,7
Ylber,7
Yonas,7
Yoni,7
Younus,7
Yunis,7
Yves,7
Zahar,7
Zahid,7
Zaman,7
Zeeshan,7
Zeljko,7
A,6
Aadan,6
Aage,6
Aamo,6
Aapa,6
Aapel,6
Aarón,6
Aatu-Oskari,6
Abdelhak,6
Abderahman,6
Abdijabar,6
Abdiladif,6
Abdirazak,6
Abdisalaan,6
Abdiwahid,6
Abdulgadir,6
Abdulmajid,6
Abduqadir,6
Abdurrahim,6
Abed,6
Abolfazl,6
Abubakr,6
Abul,6
Achraf,6
Acke,6
Ádám,6
Adama,6
Adian,6
Agust,6
Ahad,6
Aidin,6
Aivo,6
Akar,6
Aki-Markus,6
Akin,6
Akipekka,6
Akito,6
Aku-Kimmo,6
Aku-Oskari,6
Alem,6
Alexanteri,6
Alim,6
Alistair,6
Almin,6
Alonso,6
Amanuel,6
Ammaar,6
Anmar,6
Anteri,6
António,6
Antonius,6
Antrei,6
Antti-Aleksi,6
Antti-Eemil,6
Antti-Ilmari,6
Antti-Juhana,6
Antti-Markus,6
Anttony,6
Aqeel,6
Arel,6
Arik,6
Ari-Kristian,6
Ari-Mikael,6
Ari-Seppo,6
Arndt,6
Aros,6
Arran,6
Arseniy,6
Arshan,6
Arssi,6
Artemii,6
Artemiy,6
Arti,6
Arttu-Petteri,6
Ashley,6
Asim,6
Atte-Petteri,6
Atte-Ville,6
Augustus,6
Aulo,6
Aus,6
Aviv,6
Aweys,6
Ayaanle,6
Ayanle,6
Aye,6
Ayham,6
Bai,6
Bakr,6
Balen,6
Barzan,6
Basel,6
Behrouz,6
Bence,6
Benedikt,6
Bengt-Göran,6
Bengt-Johan,6
Benito,6
Bero,6
Binyamin,6
Bishnu,6
Bo-Eric,6
Bo-Håkan,6
Bo-Johan,6
Boran,6
Borhan,6
Brendon,6
Cahit,6
Carl-Peter,6
Carmelo,6
Cenneth,6
Chandra,6
Cheng,6
Chidi,6
Cimraan,6
Ciprian,6
Claes-Henrik,6
Clas-Erik,6
Clement,6
Cliff,6
Clifford,6
Cornelius,6
Cristoffer,6
Daani,6
Damiel,6
Dan-Mikael,6
Danne,6
Dan-Olof,6
Daryoush,6
Davinder,6
Davit,6
Dawda,6
Dawood,6
Devid,6
Dillon,6
Djamel,6
Donart,6
Donat,6
Donny,6
Donovan,6
Dren,6
Drin,6
Duong,6
Ebbot,6
Edip,6
Edoardo,6
Edric,6
Eedi,6
Eelu,6
Eenok,6
Eepo,6
Eero-Antti,6
Eero-Heikki,6
Eero-Juhani,6
Eero-Matias,6
Eetu-Kalle,6
Eino-Matti,6
Elija,6
Eljami,6
Elvedin,6
Emirhan,6
Enki,6
Ennio,6
Enrik,6
Enssi,6
Eppe,6
Eppu-Oskari,6
Era,6
Erblin,6
Erkka-Ville,6
Ermal,6
Ermias,6
Ermir,6
Ero,6
Eros,6
Erto,6
Esa-Veikko,6
Evans,6
Evren,6
Fadhil,6
Fahd,6
Faiz,6
Farshid,6
Fawzi,6
Feeti,6
Festim,6
Festus,6
Flego,6
Florin,6
Foad,6
Fuaad,6
Gaël,6
Gentian,6
Giancarlo,6
Gianmarco,6
Gibril,6
Gilad,6
Giorgos,6
Gopal,6
Graeme,6
Guillaume,6
Guleed,6
Günter,6
Günther,6
Gzim,6
Haashim,6
Hafid,6
Haiku,6
Hakeem,6
Haki,6
Halvar,6
Hameed,6
Hammad,6
Hans-Mikael,6
Harri-Juhani,6
Harri-Petteri,6
Harri-Tapio,6
Hassane,6
Hawre,6
Heikki-Petteri,6
Heikki-Veli,6
Heiko,6
Henok,6
Henri-Markus,6
Hersh,6
Hille,6
Holden,6
Hossam,6
Hozan,6
Hudson,6
Huvi,6
Iggy,6
Iivu,6
Ikechukwu,6
Ildar,6
Ilkay,6
Ilkka-Matti,6
Inti,6
Iraj,6
Isai,6
Ishan,6
Ishaq,6
Issam,6
Itai,6
Itamar,6
Jaakko-Veikko,6
Jaaro,6
Jabbar,6
Jabir,6
Jacky,6
Jade,6
Jahje,6
Jammu,6
Jan-Axel,6
Jan-Daniel,6
Jani-Aleksi,6
Jani-Erik,6
Jani-Henrik,6
Jani-Tapio,6
Janiv,6
Jan-Marcus,6
Janne-Jukka,6
Janne-Kristian,6
Janne-Matias,6
Janne-Tapio,6
Janni,6
Jan-Petter,6
Jarel,6
Jari-Seppo,6
Jari-Vesa,6
Jarkko-Matti,6
Jaser,6
Jasi,6
Jasser,6
Jassin,6
Jatro,6
Javid,6
Jean-Erik,6
Jean-Peter,6
Jean-Pierre,6
Jehu,6
Jekku,6
Jere-Kristian,6
Jeroen,6
Jesse-Joonatan,6
Jesse-Julius,6
Jilo,6
Jin,6
Johan-Henrik,6
John-Peter,6
Jokko,6
Joni-Mikko,6
Joni-Oskari,6
Joni-Ville,6
Joona-Aleksi,6
Joona-Mikael,6
Joona-Oskari,6
Jordi,6
Josep,6
Jose-Pekka,6
Josue,6
Jouni-Tapio,6
Juho-Eerik,6
Juho-Markus,6
Juho-Olli,6
Juho-Perttu,6
Juho-Petri,6
Juho-Santeri,6
Juho-Valtteri,6
Juice,6
Julias,6
Junes,6
Jurii,6
Jussi-Eemeli,6
Jussi-Veikko,6
Juuda,6
Juuso-Matti,6
Juuso-Ville,6
Jyri-Ville,6
Kaarl,6
Kacper,6
Kadhim,6
Kai-Heikki,6
Kaj-Göran,6
Kaj-Markus,6
Kali,6
Kallas,6
Kalle-Aleksi,6
Kallepekka,6
Kara,6
Karen,6
Kari-Veli,6
Karl-August,6
Karl-Eric,6
Kashif,6
Kaur,6
Kaya,6
Kazem,6
Kazim,6
Keivan,6
Kenta,6
Khai,6
Khanh,6
Kimi-Petteri,6
Kin,6
Klaes,6
Klaus-Peter,6
Kreshnik,6
Ku,6
Kujtim,6
Kuldeep,6
Kumar,6
Kyaw,6
Landon,6
Lari-Markus,6
Lars-Gunnar,6
Lars-Gustav,6
Lassi-Matias,6
Lassi-Petteri,6
Laurence,6
Lauri-Veikko,6
Lawand,6
Lawi,6
Leevi-Eemeli,6
Leifi,6
Leutrim,6
Levon,6
Loa,6
Loghman,6
Lokman,6
Lorent,6
Lucio,6
Ly,6
Mael,6
Magdi,6
Magomed,6
Maksimilian,6
Manjit,6
Mansuur,6
Markku-Tapio,6
Márton,6
Martti-Juhani,6
Matan,6
Matz,6
Mauri-Antero,6
Mauri-Pekka,6
Maurizio,6
Meeko,6
Mero,6
Mervan,6
Mesfin,6
Metehan,6
Mhd,6
Micheal,6
Michelangelo,6
Mihael,6
Miikku,6
Mika-Antero,6
Mikko-Heikki,6
Mikko-Markus,6
Miko-Markus,6
Miko-Petteri,6
Mikos,6
Mirek,6
Mirnes,6
Misko,6
Mladen,6
Moataz,6
Mohammadreza,6
Mowlid,6
Mowliid,6
Muayad,6
Mucad,6
Mudasir,6
Mukhtaar,6
Muqtar,6
Mykhaylo,6
Naattan,6
Nabaz,6
Naeem,6
Nart,6
Nasri,6
Natnael,6
Nedal,6
Nevin,6
Niall,6
Nicki,6
Nicolaus,6
Nicolò,6
Nico-Pekka,6
Nigel,6
Niiko,6
Nik,6
Niko-Juhani,6
Niko-Mikael,6
Niko-Teemu,6
Nil,6
Nils-Christian,6
Nils-Emil,6
Nils-Åke,6
Nurettin,6
Nuri,6
Obi,6
Odd,6
Odert,6
Oguzhan,6
Oisín,6
Okko-Pekka,6
Olai,6
Olaus,6
Oleh,6
Olli-Jaakko,6
Olli-Sakari,6
Olli-Tuomas,6
Omed,6
Omri,6
Onni-Elias,6
Onni-Ville,6
Ontrei,6
Ooke,6
Oras,6
Orges,6
Otro,6
Otto-Aleksi,6
Ottu,6
Oula-Antti,6
Outa,6
Pasi-Jukka,6
Pauli-Pekka,6
Payman,6
Pekka-Eemeli,6
Pekka-Veikko,6
Pekki,6
Peppe,6
Petri-Tapani,6
Piera,6
Pouta,6
Pouya,6
Prakash,6
Pål,6
Pär-Olof,6
Quentin,6
Rabi,6
Rabih,6
Rabin,6
Radi,6
Raheem,6
Raif,6
Railo,6
Ralf-Erik,6
Rana,6
Rashad,6
Rasheed,6
Raune,6
Rayyan,6
Redon,6
Redouane,6
Reis,6
Rémy,6
Rento,6
Rikhart,6
Rikke,6
Riku-Jussi,6
Riku-Matias,6
Riku-Oskari,6
Riza,6
Rober,6
Roberth,6
Rock,6
Roderick,6
Rohat,6
Rohullah,6
Roj,6
Ronie,6
Ronin,6
Ronn,6
Roo,6
Routa,6
Rubén,6
Rubin,6
Ruuno,6
Saadaq,6
Sadiiq,6
Sadri,6
Sagar,6
Sager,6
Saied,6
Samar,6
Samil,6
Sami-Tapio,6
Samuil,6
Sanel,6
Sanfrid,6
Santosh,6
Saqib,6
Sasan,6
Sasu-Matti,6
Sasu-Petteri,6
Sauvo,6
Savelii,6
Seem,6
Seid,6
Sercan,6
Severin,6
Severus,6
Seydou,6
Shafici,6
Shahriar,6
Shahrokh,6
Shalom,6
Shamil,6
Sherzad,6
Sidney,6
Signar,6
Simen,6
Sipo,6
Slawomir,6
Smail,6
Sofian,6
Son,6
Sorri,6
Sri,6
Star,6
Stergios,6
Stig-Björn,6
Stig-Johan,6
Stiven,6
Sturle,6
Suad,6
Sufyan,6
Suheil,6
Suleman,6
Suleymaan,6
Surya,6
Sven-Göran,6
Taif,6
Tal,6
Tanveer,6
Tari,6
Teemu-Santeri,6
Teiko,6
Teivo,6
Tervo,6
Tesfaye,6
Than,6
Theodoros,6
Thierry,6
Thilo,6
Thom,6
Tihon,6
Tiikka,6
Tiit,6
Timmie,6
Timmo,6
Timo-Antti,6
Timo-Mikko,6
Timotei,6
Timppa,6
Tolga,6
Tom-Christian,6
Tomi-Kristian,6
Tomi-Petri,6
Tomi-Tapio,6
Tong,6
Toni-Tapani,6
Topia,6
Tor-Alf,6
Turgay,6
Ty,6
Ukko-Matti,6
Unik,6
Uthman,6
Valentine,6
Valmir,6
Valtu,6
Vasil,6
Vasko,6
Veera,6
Veli-Sakari,6
Venner,6
Vento,6
Vesa-Jussi,6
Vesa-Markku,6
Vesapekka,6
Vesse,6
Vilde,6
Vilias,6
Vili-Santeri,6
Vili-Waltteri,6
Vilke,6
Ville-Petri,6
Ville-Santeri,6
Ville-Vertti,6
Vilpertti,6
Vinston,6
Vittorio,6
Vivek,6
Vuk,6
Väinö-Valtteri,6
Wassim,6
Weli,6
Wesa,6
Wilbur,6
Wilde,6
Willie,6
Yang,6
Yaseen,6
Yashar,6
Yasiin,6
Yevhenii,6
Yi,6
Yong,6
Yotam,6
Yrjö-Pekka,6
Yunes,6
Zac,6
Zach,6
Zagros,6
Zaur,6
Zbigniew,6
Önder,6
Özkan,6
Aadil,5
Aamer,5
Aayush,5
Abdala,5
Abdelhafid,5
Abdelilah,5
Abderrazak,5
Abdiaziiz,5
Abdifitah,5
Abdikafi,5
Abdiqadar,5
Abdi-Rahman,5
Abdirizaq,5
Abdishakuur,5
Abdo,5
Abdollah,5
Abdula,5
Abdulhamid,5
Abdul-Malik,5
Abdulqader,5
Abdulwahab,5
Abdurahim,5
Abhishek,5
Abid,5
Abiodun,5
Abram,5
Abubacarr,5
Abuukar,5
Adebayo,5
Adedeji,5
Adekunle,5
Ademola,5
Adeola,5
Adeyemi,5
Adib,5
Adin,5
Adnane,5
Ado,5
Adriatik,5
Adyan,5
Afonso,5
Age,5
Ahmednur,5
Ain,5
Aino,5
Aitor,5
Akash,5
Akbar,5
Akeem,5
Aki-Juhani,5
Ákos,5
Aku-Kalle,5
Aku-Matias,5
Aladin,5
Aleksa,5
Aleksandrs,5
Aleksi-Matias,5
Alfa,5
Almer,5
Almo,5
Alo,5
Alrik,5
Amandeep,5
Amanullah,5
Amedeo,5
Amgad,5
Amirhossein,5
Anass,5
Ánde,5
Andras,5
Andrè,5
Andrian,5
Andro,5
Anir,5
Anish,5
Ankit,5
Anna,5
Anri,5
Anselmo,5
Anssi-Jukka,5
Antar,5
Anthoni,5
Antro,5
Ants,5
Antti-Johannes,5
Antti-Kalle,5
Anttimatti,5
Antti-Tapani,5
Anup,5
Aramis,5
Ardalan,5
Arden,5
Argo,5
Arianit,5
Arie,5
Ari-Jaakko,5
Arijan,5
Ari-Kalevi,5
Ari-Markus,5
Arkady,5
Arnel,5
Árpád,5
Arshia,5
Arska,5
Arto-Matti,5
Artour,5
Asadullah,5
Ashok,5
Ashwin,5
Ask,5
Askhab,5
Asko-Pekka,5
Asmir,5
Athos,5
Atif,5
Atila,5
Atte-Eemeli,5
Atti,5
Atto,5
Auli,5
Aung,5
Auron,5
Avar,5
Awad,5
Aykut,5
Ayyub,5
Azzeddine,5
Bahattin,5
Bahoz,5
Bakar,5
Bakari,5
Barnabas,5
Basir,5
Bedirhan,5
Benaja,5
Beniamin,5
Benne,5
Beppe,5
Berndt-Johan,5
Besfort,5
Besian,5
Besmir,5
Bewar,5
Bijan,5
Birol,5
Bjorn,5
Bleon,5
Blerton,5
Bo-Christer,5
Bo-Henrik,5
Bowen,5
Brent,5
Bror-Åke,5
Bryn,5
Byron,5
Caijus,5
Caio,5
Caj-Erik,5
Caj-Olof,5
Carl-Oskar,5
Carl-Otto,5
Cayden,5
Çetin,5
Charl,5
Charly,5
Cheikh,5
Chibuike,5
Chidera,5
Chimezie,5
Chinedum,5
Chol,5
Christiano,5
Chun,5
Cimi,5
Clarence,5
Clark,5
Clas-Henrik,5
Clas-Åke,5
Clayton,5
Coby,5
Constantinos,5
Cristofer,5
Cristopher,5
Cuong,5
Dahen,5
Dalmar,5
Dalton,5
Danijel,5
Danyar,5
Dat,5
Dávid,5
Devansh,5
Diamant,5
Dieter,5
Diler,5
Dimitrij,5
Dinesh,5
Doan,5
Dony,5
Dragan,5
Dustin,5
Dzenan,5
Eduart,5
Edvar,5
Edvi,5
Eero-Oskari,5
Eetu-Eemeli,5
Eetu-Elmeri,5
Eetu-Matias,5
Eetu-Mikael,5
Eetu-Valtteri,5
Eino-Olli,5
Eino-Ville,5
Eke,5
Ekin,5
Elham,5
Eliahu,5
Ella,5
Emanuele,5
Emilia,5
Emilien,5
Endel,5
Ender,5
Endi,5
Enea,5
Enzio,5
Ephraim,5
Eran,5
Erez,5
Ergo,5
Erkki-Sakari,5
Erni,5
Esa-Juhani,5
Esa-Veli,5
Esko-Pekka,5
Everett,5
Eyob,5
Eyüp,5
Faarah,5
Fabien,5
Fabrizio,5
Fady,5
Fahrudin,5
Fallou,5
Farbod,5
Faustin,5
Fazal,5
Femi,5
Feng,5
Fethi,5
Fidaim,5
Filippos,5
Franklyn,5
Frans-Eemil,5
Frans-Oscar,5
Frederic,5
Frejvid,5
Frode,5
Gagan,5
Gal,5
Ganesh,5
Gard,5
Garth,5
Gaspard,5
Gaston,5
Gautam,5
Genc,5
Gennadii,5
Gent,5
Gergely,5
Ghali,5
Gilberto,5
Giorgi,5
Godfrey,5
Graham,5
Greg,5
Gui,5
Guilherme,5
Gunnari,5
Gyula,5
Hafiz,5
Haim,5
Hajrudin,5
Hannu-Matias,5
Hans-Christer,5
Hans-Jürgen,5
Hans-Ole,5
Harel,5
Harpreet,5
Harry-Pekka,5
Hartte,5
Hasim,5
Hatim,5
Haukar,5
Heigo,5
Helmuth,5
Hemin,5
Henrick,5
Hentry,5
Hesam,5
Hewa,5
Hiro,5
Hoa,5
Hook,5
Hosein,5
Hossain,5
Hubertus,5
Hudeifa,5
Håkon,5
Ibrahima,5
Idor,5
Idriss,5
Iivan,5
Ilarion,5
Imed,5
Indra,5
Ira,5
Isaak,5
Ishaaq,5
Ismaan,5
Isman,5
Isuf,5
Iver,5
Iwan,5
Jaakoppi,5
Jadon,5
Jahja,5
Jahvetti,5
Jai,5
Jaiden,5
Jairi,5
Jalil,5
Jamin,5
Jami-Pekka,5
Jammi,5
Jamppa,5
Janar,5
Janec,5
Jan-Henry,5
Jan-Matias,5
Janne-Antti,5
Janne-Petri,5
Jan-Oskar,5
Jan-Petri,5
Jari-Marko,5
Jarno-Juhani,5
Jawid,5
Jean-Claude,5
Jean-Michel,5
Jed,5
Jeetu,5
Jekki,5
Jens-Erik,5
Jenson,5
Jera,5
Jérémie,5
Jere-Santeri,5
Jeriel,5
Jerreh,5
Jeter,5
Jhon,5
Joaquim,5
Jonathon,5
Jonel,5
Jon-Henrik,5
Joni-Jukka,5
Jonimatti,5
Joni-Santeri,5
Jonn,5
Joon,5
Joona-Kristian,5
Joram,5
Jovnna,5
József,5
Judah,5
Juha-Erik,5
Juha-Kalle,5
Juho-Lauri,5
Juho-Otto,5
Jukka-Joonas,5
Jukkamatti,5
Jussi-Mikael,5
Jussi-Oskari,5
Jussi-Tapani,5
Juuso-Valtteri,5
Jyrki-Petteri,5
Jöns,5
Kaaro,5
Kader,5
Kai-Jukka,5
Kail,5
Kai-Peter,5
Kaitsu,5
Kaj-Anders,5
Kaj-Christer,5
Kaj-Eric,5
Kaj-Kristian,5
Kaj-Peter,5
Kalle-Erik,5
Kalle-Hermanni,5
Kalle-Kustaa,5
Kalle-Samuli,5
Kalle-Tapani,5
Kam,5
Kari-Antero,5
Kari-Heikki,5
Kari-Kristian,5
Kari-Mikael,5
Karl-Fredrik,5
Karli,5
Karl-Markus,5
Karl-Wilhelm,5
Karpo,5
Kastor,5
Kauro,5
Kayode,5
Kenji,5
Kent-Johan,5
Kettil,5
Keven,5
Keyse,5
Keyvan,5
Khalifa,5
Kiarash,5
Killian,5
Kimmo-Juhani,5
Kimmo-Pekka,5
Kinan,5
Kira,5
Kirk,5
Kit,5
Kjell-Johan,5
Koray,5
Kourosh,5
Krasimir,5
Krenar,5
Kristijan,5
Kron,5
Kwaku,5
Kwan,5
Kyan,5
Lachlan,5
Lai,5
Lari-Antti,5
Lari-Mikko,5
Laripekka,5
Laura,5
Laurens,5
Lauri-Heikki,5
Lauri-Jaakko,5
Lauri-Johannes,5
Lauripekka,5
Lauri-Ville,5
Lawin,5
Lazaro,5
Leri,5
Levan,5
Lewi,5
Li,5
Loran,5
Loren,5
Lorian,5
Lothar,5
Lütfi,5
Maamar,5
Maarten,5
Mads,5
Magan,5
Magdy,5
Maged,5
Mahamad,5
Mahin,5
Mamdouh,5
Man,5
Manu-Pekka,5
Markkus,5
Marko-Kristian,5
Marley,5
Maro,5
Marouan,5
Marten,5
Marti,5
Martti-Pekka,5
Maruan,5
Mateen,5
Matéo,5
Mathéo,5
Mati,5
Matías,5
Matti-Olavi,5
Maverick,5
Maximiliano,5
Maximos,5
Maxmilian,5
MD,5
Med,5
Mehmed,5
Meir,5
Memet,5
Memo,5
Mensur,5
Micki,5
Mielo,5
Mietti,5
Miha,5
Miico,5
Miika-Juhani,5
Miikka-Aleksi,5
Miikko,5
Miitrei,5
Miitro,5
Mikaeli,5
Mikko-Ilmari,5
Mikko-Johannes,5
Mikko-Sakari,5
Mikko-Veli,5
Mikla,5
Milen,5
Minos,5
Miraç,5
Mircea,5
Mirhat,5
Miró,5
Mohamedamin,5
Mohamoud,5
Mohd,5
Mohsin,5
Mon,5
Monty,5
Moshe,5
Moulay,5
Muadh,5
Mudassar,5
Muhudiin,5
Myles,5
Märt,5
Nabin,5
Narek,5
Naseer,5
Nassir,5
Natthaphon,5
Nay,5
Neel,5
Neero,5
Nehemia,5
Nels,5
Neville,5
Nghia,5
Ngo,5
Nicoló,5
Nihal,5
Niillas,5
Nika,5
Nikan,5
Nikanor,5
Niko-Erik,5
Niko-Jussi,5
Niko-Santeri,5
Niko-Tapio,5
Niko-Valtteri,5
Niku-Petteri,5
Niky,5
Nilas,5
Nnamdi,5
Noman,5
Nooah,5
Nor,5
Nori,5
Nouh,5
Nyyti,5
Obed,5
Ofek,5
Olakunle,5
Olalekan,5
Oleksii,5
Olev,5
Olli-Aleksi,5
Olli-Valtteri,5
Olufemi,5
Onni-Eemil,5
Onni-Hermanni,5
Onnipekka,5
Onni-Veikko,5
Or,5
Orestis,5
Osamah,5
Osei,5
Osmi,5
Oso,5
Osse,5
Ossi-Matti,5
Osvaldo,5
Otso-Pekka,5
Otto-Matti,5
Oulas,5
Ousainou,5
Ovidiu,5
Paavo-Matti,5
Paavo-Pekka,5
Paco,5
Pak,5
Panajotis,5
Parham,5
Pasi-Juhani,5
Pasi-Markus,5
Pasi-Veikko,5
Payam,5
Peeta,5
Peetus,5
Peiman,5
Pekka-Matti,5
Pekka-Tapio,5
Pele,5
Peng,5
Pentti-Juhani,5
Peo,5
Pera,5
Per-Mikael,5
Petri-Markus,5
Pham,5
Pierce,5
Poika,5
Pouria,5
Poyraz,5
Pravin,5
Predrag,5
Qaasim,5
Qaisar,5
Qusai,5
Qusay,5
Radomir,5
Radwan,5
Rafe,5
Raffaello,5
Rahand,5
Raiku,5
Raiyan,5
Rajiv,5
Raku,5
Rami-Matti,5
Ramo,5
Ramtin,5
Rasa,5
Ravil,5
Rawad,5
Reco,5
Reece,5
Reettu,5
Reginald,5
Rego,5
Rehan,5
Renzo,5
Reyansh,5
Richardo,5
Rifat,5
Rihard,5
Riku-Juhani,5
Riku-Mikko,5
Rishi,5
Risse,5
Risto-Juhani,5
Rogert,5
Rolando,5
Roméo,5
Roni-Mikael,5
Roni-Pekka,5
Ronit,5
Roope-Rasmus,5
Rori,5
Rossi,5
Rostam,5
Rrahim,5
Rudolph,5
Ruupe,5
Ruuti,5
Saacid,5
Sa'ad,5
Saamo,5
Sahel,5
Sahir,5
Saihou,5
Saku-Mikko,5
Salad,5
Salama,5
Saleban,5
Salo,5
Samad,5
Samae,5
Sameh,5
Samiel,5
Sami-Henrik,5
Sami-Jaakko,5
Sami-Sebastian,5
Sami-Tapani,5
Sami-Veikko,5
Sammi,5
Samu-Matti,5
Sanjeev,5
Santtu-Petteri,5
Sarbast,5
Sarkaut,5
Sattar,5
Séan,5
Sebastiano,5
Seedy,5
Sehmus,5
Seikko,5
Selçuk,5
Selmi,5
Semjon,5
Sepi,5
Seri,5
Sever,5
Sezgin,5
Shaafici,5
Shaban,5
Shahar,5
Shai,5
Shaip,5
Shamal,5
Shams,5
Shan,5
Shannon,5
Sherko,5
Shiva,5
Shlomo,5
Shpend,5
Shpetim,5
Silmu,5
Simo-Sakari,5
Simo-Ville,5
Siro,5
Sisu-Petteri,5
Siu,5
Sivan,5
Skyler,5
Slim,5
Sofia,5
Spiridon,5
Spiros,5
Stan,5
Stelios,5
Stewart,5
Stig-Henrik,5
Sudais,5
Sulejman,5
Suliman,5
Svein,5
Sysi,5
Ta,5
Tahar,5
Tahmid,5
Taiga,5
Tawan,5
Tayyab,5
Teddie,5
Teemu-Eemeli,5
Teemu-Oskari,5
Teemu-Tapani,5
Teho,5
Teini,5
Tero-Antti,5
Tero-Heikki,5
Tero-Juhani,5
Tero-Markus,5
Tero-Petri,5
Terri,5
Timo-Markus,5
Timo-Olli,5
Timopekka,5
Tintti,5
Tobi,5
Toivo-Olavi,5
Tome,5
Tomi-Heikki,5
Tomi-Jukka,5
Tomislav,5
Tommi-Tapio,5
Toni-Erik,5
Topi-Antti,5
Topi-Oskari,5
Topi-Valtteri,5
Tor-Gunnar,5
Toufik,5
Trey,5
Tuna,5
Tunna,5
Tuomas-Petteri,5
Turan,5
Turgut,5
Turja,5
Tuuka,5
Tuukka-Matias,5
Tuukka-Pekka,5
Tuuri,5
Uday,5
Ui,5
Ukko-Veikko,5
Ulf-Johan,5
Umed,5
Unho,5
Uriel,5
Urmo,5
Urs,5
Usaama,5
Utti,5
Uuri,5
Uyi,5
Valdet,5
Valerio,5
Valtari,5
Vasco,5
Vasile,5
Veeti-Waltteri,5
Veikka-Pekka,5
Veikko-Pekka,5
Veli-Juha,5
Veli-Viljami,5
Veljo,5
Venho,5
Venno,5
Verno,5
Vernon,5
Vesku,5
Veysel,5
Veysi,5
Vicktor,5
Vigo,5
Viku,5
Vile,5
Vilho-Valtteri,5
Viljar,5
Vilkka,5
Villem,5
Ville-Paavo,5
Ville-Väinö,5
Vimme,5
Vini,5
Vinny,5
Vinod,5
Vo,5
Väinämö,5
Väinö-Viljami,5
Wahab,5
Warsame,5
Welmeri,5
Wenzel,5
Wilko,5
Wille-Veikko,5
Williams,5
Wissam,5
Woitto,5
Y,5
Yaasiin,5
Yanis,5
Yari,5
Yaron,5
Yaw,5
Yehia,5
Yehonatan,5
Ying,5
Yiu,5
Yones,5
Yosuf,5
Younas,5
Yukio,5
Yücel,5
Zafar,5
Zaher,5
Zan,5
Zayan,5
Zeyad,5
Zheng,5
Zhi,5
Zimi,5
Ziya,5
Zlatan,5
Zlatko,5
Zohaib,5
Zubeir,5
Ämir,5
Änäs,5
